num_word,num_word_wo_stops,av_word_len,av_word_len_wo_stops,pos_freq_distCC,pos_freq_distCD,pos_freq_distDT,pos_freq_distEX,pos_freq_distFW,pos_freq_distIN,pos_freq_distJJ,pos_freq_distJJR,pos_freq_distJJS,pos_freq_distLS,pos_freq_distMD,pos_freq_distNN,pos_freq_distNNS,pos_freq_distNNP,pos_freq_distNNPS,pos_freq_distPDT,pos_freq_distPOS,pos_freq_distPRP,pos_freq_distPRP$,pos_freq_distRB,pos_freq_distRBR,pos_freq_distRBS,pos_freq_distRP,pos_freq_distSYM,pos_freq_distTO,pos_freq_distUH,pos_freq_distVB,pos_freq_distVBD,pos_freq_distVBG,pos_freq_distVBN,pos_freq_distVBP,pos_freq_distVBZ,pos_freq_distWDT,pos_freq_distWP,pos_freq_distWP$,pos_freq_distWRB,word_len_dist_chars-6,word_len_dist_chars-5,word_len_dist_chars-4,word_len_dist_chars-3,word_len_dist_chars-2,word_len_dist_chars-1,word_len_dist_chars0,word_len_dist_chars1,word_len_dist_chars2,word_len_dist_chars3,word_len_dist_chars4,word_len_dist_chars5,word_len_dist_chars6,word_len_dist_chars7,word_len_dist_chars8,word_len_dist_chars9,word_len_dist_chars10,word_len_dist_chars11,word_len_dist_chars12,word_len_dist_chars13,word_len_dist_chars14,word_len_dist_chars15,word_len_dist_chars16,word_len_dist_chars17,word_len_dist_chars18,pers_pron1,pers_pron2,pers_pron3,pers_pron4,pers_pron5,pers_pron6,pers_pron7,pers_pron8,pers_pron9,pers_pron10,pers_pron11,pers_pron12,pers_pron13,pers_pron14,pers_pron15,pers_pron16,pers_pron17,pers_pron18,pers_pron19,pers_pron20,pers_pron21,pers_pron22,pers_pron23,pers_pron24,pers_pron25,pers_pron26,pers_pron27,pers_pron28,pers_pron29,pers_pron30,pers_pron31,pers_pron32,pers_pron33,pers_pron34,pers_pron35,pers_pron36,pers_pron37,pers_pron38,pers_pron39,pers_pron40,pers_pron41,pers_pron42,pers_pron43,pers_pron44,pers_pron45,pers_pron46,pers_pron47,pers_pron48,pers_pron49,pers_pron50,tense_VB,tense_VBD,tense_VBG,tense_VBN,tense_VBP,tense_VBZ
309,198,4.902912621359223,5.97979797979798,0.0,0.0,0.0,0.0,0.0,0.0,0.0,0.0,0.0,0.0,0.0,0.0,0.0,0.0,0.0,0.0,0.0,0.0,0.0,0.0,0.0,0.0,0.0,0.0,0.0,0.0,0.0,0.0,0.0,0.0,0.0,0.0,0.0,0.0,0.0,0.0,0.0,0.0,0.0,0.0,0.0,0.0,0.0,0.0,0.0,0.0,0.0,0.0,0.0,0.0,0.0,0.0,0.0,0.0,0.0,0.0,0.0,0.0,0.0,0.0,0.0,0.11974110032362459,0.0,0.0,0.0,0.022653721682847898,0.0,0.0,0.0,0.0,0.0,0.0,0.0,0.0,0.0,0.03559870550161812,0.0,0.003236245954692557,0.0,0.0,0.016181229773462782,0.0,0.0,0.0,0.0,0.009708737864077669,0.0,0.0,0.0,0.006472491909385114,0.0,0.0,0.0,0.0,0.0,0.0,0.0,0.006472491909385114,0.019417475728155338,0.0,0.0,0.0,0.0,0.0,0.0,0.0,0.0,0.0,0.0,0.0,0.0,0,0,0,0,0,0
615,363,4.91869918699187,6.380165289256198,0.0,0.0,0.0,0.0,0.0,0.0,0.0,0.0,0.0,0.0,0.0,0.0,0.0,0.0,0.0,0.0,0.0,0.0,0.0,0.0,0.0,0.0,0.0,0.0,0.0,0.0,0.0,0.0,0.0,0.0,0.0,0.0,0.0,0.0,0.0,0.0,0.0,0.0,0.0,0.0,0.0,0.0,0.0,0.0,0.0,0.0,0.0,0.0,0.0,0.0,0.0,0.0,0.0,0.0,0.0,0.0,0.0,0.0,0.0,0.0,0.0,0.0943089430894309,0.0,0.0,0.0,0.008130081300813009,0.0016260162601626016,0.0,0.0,0.0,0.0,0.0,0.0,0.0,0.0,0.03739837398373984,0.0,0.00975609756097561,0.0,0.0,0.024390243902439025,0.0032520325203252032,0.0,0.0016260162601626016,0.0,0.0,0.0,0.0,0.0,0.004878048780487805,0.0,0.0,0.0,0.0,0.0,0.0,0.0,0.016260162601626018,0.014634146341463415,0.0,0.0,0.0,0.0,0.0,0.0,0.0,0.0,0.0,0.0,0.0,0.0,0,0,0,0,0,0
1230,683,4.74959349593496,6.196193265007321,0.0,0.0,0.0,0.0,0.0,0.0,0.0,0.0,0.0,0.0,0.0,0.0,0.0,0.0,0.0,0.0,0.0,0.0,0.0,0.0,0.0,0.0,0.0,0.0,0.0,0.0,0.0,0.0,0.0,0.0,0.0,0.0,0.0,0.0,0.0,0.0,0.0,0.0,0.0,0.0,0.0,0.0,0.0,0.0,0.0,0.0,0.0,0.0,0.0008130081300813008,0.0,0.0,0.0,0.0,0.0008130081300813008,0.0016260162601626016,0.0,0.0,0.0,0.0,0.0,0.0,0.1040650406504065,0.0,0.0008130081300813008,0.0008130081300813008,0.007317073170731708,0.0,0.0,0.0008130081300813008,0.0,0.0,0.0,0.0,0.0,0.0,0.06910569105691057,0.0032520325203252032,0.005691056910569106,0.0008130081300813008,0.0,0.025203252032520326,0.0,0.0,0.0008130081300813008,0.0,0.0008130081300813008,0.0,0.0,0.0,0.0032520325203252032,0.0,0.0024390243902439024,0.0,0.0,0.0,0.0008130081300813008,0.0,0.01951219512195122,0.014634146341463415,0.0,0.0,0.0,0.0,0.0,0.0,0.0,0.0,0.0040650406504065045,0.0,0.0,0.0,0,0,0,0,0,0
2059,1208,5.337056823700825,7.166390728476821,0.0,0.0,0.0,0.0,0.0,0.0,0.0,0.0,0.0,0.0,0.0,0.0,0.0,0.0,0.0,0.0,0.0,0.0,0.0,0.0,0.0,0.0,0.0,0.0,0.0,0.0,0.0,0.0,0.0,0.0,0.0,0.0,0.0,0.0,0.0,0.0,0.0,0.0014570179698882952,0.0,0.00048567265662943174,0.00048567265662943174,0.0,0.0,0.0,0.0,0.0,0.0,0.00048567265662943174,0.0,0.0,0.0,0.0,0.0,0.0,0.0,0.0,0.0,0.0,0.0,0.0,0.0,0.10733365711510442,0.0,0.0,0.0,0.007770762506070908,0.0,0.0,0.00048567265662943174,0.00048567265662943174,0.0,0.0,0.0,0.0,0.0,0.04613890237979602,0.0,0.003399708596406022,0.00048567265662943174,0.0,0.027683341427877612,0.0009713453132588635,0.0,0.0,0.0,0.0009713453132588635,0.0,0.0,0.0,0.0,0.0,0.00048567265662943174,0.0,0.0,0.0,0.0,0.0,0.017969888295288974,0.007770762506070908,0.0,0.0,0.0,0.0,0.0,0.0,0.0,0.0,0.0,0.0,0.0,0.0,0,0,0,0,0,0
1965,1023,4.75470737913486,6.439882697947214,0.0,0.0,0.0,0.0,0.0,0.0,0.0,0.0,0.0,0.0,0.0,0.0,0.0,0.0,0.0,0.0,0.0,0.0,0.0,0.0,0.0,0.0,0.0,0.0,0.0,0.0,0.0,0.0,0.0,0.0,0.0,0.0,0.0,0.0,0.0,0.0,0.0,0.0,0.0,0.0,0.0,0.0,0.0,0.0,0.0,0.0,0.0,0.0,0.0,0.0,0.0,0.0,0.0,0.0,0.0,0.0,0.0,0.0,0.0,0.0,0.0,0.11603053435114503,0.0005089058524173028,0.0,0.0,0.00916030534351145,0.0005089058524173028,0.0,0.0055979643765903305,0.0005089058524173028,0.0,0.0,0.0,0.0,0.0,0.044274809160305344,0.0015267175572519084,0.002544529262086514,0.0,0.0,0.03104325699745547,0.0010178117048346056,0.0,0.0005089058524173028,0.0,0.0010178117048346056,0.0,0.0,0.0,0.002035623409669211,0.0,0.0030534351145038168,0.0,0.0005089058524173028,0.0,0.0005089058524173028,0.0,0.012213740458015267,0.01628498727735369,0.0,0.0,0.0,0.0,0.0,0.0005089058524173028,0.0005089058524173028,0.0,0.0005089058524173028,0.0005089058524173028,0.0005089058524173028,0.0,0,0,0,0,0,0
442,253,4.85972850678733,6.351778656126482,0.0,0.0,0.0,0.0,0.0,0.0,0.0,0.0,0.0,0.0,0.0,0.0,0.0,0.0,0.0,0.0,0.0,0.0,0.0,0.0,0.0,0.0,0.0,0.0,0.0,0.0,0.0,0.0,0.0,0.0,0.0,0.0,0.0,0.0,0.0,0.0,0.0,0.0,0.0,0.0,0.0,0.0,0.0,0.0,0.0,0.0,0.0,0.0,0.0,0.0,0.0,0.0,0.0,0.0,0.0,0.0,0.0,0.0,0.0,0.0,0.0,0.12217194570135746,0.0,0.0,0.0,0.033936651583710405,0.0,0.0,0.0,0.0,0.0,0.0,0.0,0.0,0.0,0.027149321266968326,0.0,0.0,0.0,0.0,0.029411764705882353,0.0022624434389140274,0.0,0.004524886877828055,0.0,0.006787330316742082,0.0,0.0,0.0,0.006787330316742082,0.0,0.0,0.0,0.0,0.0,0.0,0.0,0.027149321266968326,0.03167420814479638,0.0,0.0,0.0,0.0,0.0,0.0,0.0,0.0,0.0,0.0,0.0,0.0,0,0,0,0,0,0
373,229,4.734584450402145,6.013100436681222,0.0,0.0,0.0,0.0,0.0,0.0,0.0,0.0,0.0,0.0,0.0,0.0,0.0,0.0,0.0,0.0,0.0,0.0,0.0,0.0,0.0,0.0,0.0,0.0,0.0,0.0,0.0,0.0,0.0,0.0,0.0,0.0,0.0,0.0,0.0,0.0,0.0,0.0,0.0,0.0,0.0,0.0,0.0,0.0,0.0,0.0,0.0,0.0,0.0,0.0,0.0,0.0,0.0,0.0,0.0,0.0,0.0,0.0,0.0,0.0,0.0,0.07238605898123325,0.002680965147453083,0.0,0.0,0.005361930294906166,0.0,0.0,0.002680965147453083,0.0,0.0,0.0,0.0,0.0,0.0,0.04289544235924933,0.0,0.0,0.0,0.0,0.02680965147453083,0.0,0.0,0.0,0.0,0.0,0.0,0.0,0.0,0.0,0.0,0.002680965147453083,0.0,0.0,0.0,0.0,0.0,0.013404825737265416,0.00804289544235925,0.0,0.0,0.0,0.0,0.0,0.0,0.0,0.0,0.002680965147453083,0.0,0.0,0.0,0,0,0,0,0,0
742,448,5.012129380053908,6.482142857142857,0.0,0.0,0.0,0.0,0.0,0.0,0.0,0.0,0.0,0.0,0.0,0.0,0.0,0.0,0.0,0.0,0.0,0.0,0.0,0.0,0.0,0.0,0.0,0.0,0.0,0.0,0.0,0.0,0.0,0.0,0.0,0.0,0.0,0.0,0.0,0.0,0.0,0.0,0.0,0.0,0.0,0.0,0.0,0.0,0.0,0.0,0.0,0.0,0.0,0.0,0.0,0.0,0.0,0.0,0.0,0.0,0.0,0.0,0.0,0.0,0.0,0.09973045822102426,0.0,0.0,0.0,0.016172506738544475,0.0013477088948787063,0.0,0.0013477088948787063,0.0,0.0,0.0,0.0,0.0,0.0,0.04177897574123989,0.0013477088948787063,0.004043126684636119,0.0,0.0,0.0215633423180593,0.0013477088948787063,0.0,0.0,0.0,0.0,0.0,0.0,0.0,0.005390835579514825,0.0,0.0,0.0,0.0,0.0,0.0,0.0,0.02425876010781671,0.018867924528301886,0.0,0.0,0.0,0.0,0.0,0.0,0.0,0.0,0.0,0.0,0.0,0.0,0,0,0,0,0,0
1698,1009,4.732037691401649,6.099108027750248,0.0,0.0,0.0,0.0,0.0,0.0,0.0,0.0,0.0,0.0,0.0,0.0,0.0,0.0,0.0,0.0,0.0,0.0,0.0,0.0,0.0,0.0,0.0,0.0,0.0,0.0,0.0,0.0,0.0,0.0,0.0,0.0,0.0,0.0,0.0,0.0,0.0,0.0,0.0,0.0,0.0,0.0,0.0,0.0,0.0,0.0,0.0,0.0,0.0,0.0,0.0,0.0,0.0,0.0,0.0,0.0,0.0,0.0,0.0,0.0,0.0,0.09246171967020024,0.0,0.0,0.0,0.01060070671378092,0.0005889281507656066,0.0,0.0005889281507656066,0.0,0.0,0.0,0.0,0.0,0.0,0.04004711425206125,0.0017667844522968198,0.0017667844522968198,0.0,0.0,0.028268551236749116,0.0017667844522968198,0.0,0.002355712603062426,0.0,0.002944640753828033,0.0,0.0,0.0,0.0005889281507656066,0.0,0.0,0.0,0.0,0.0,0.0,0.0,0.020023557126030624,0.011778563015312132,0.0,0.0,0.0005889281507656066,0.0,0.0,0.0,0.0,0.0,0.0,0.0,0.0,0.0,0,0,0,0,0,0
1605,976,5.552647975077882,7.299180327868853,0.0,0.0,0.0,0.0,0.0,0.0,0.0,0.0,0.0,0.0,0.0,0.0,0.0,0.0,0.0,0.0,0.0,0.0,0.0,0.0,0.0,0.0,0.0,0.0,0.0,0.0,0.0,0.0,0.0,0.0,0.0,0.0,0.0,0.0,0.0,0.0,0.0,0.0,0.0,0.0,0.0,0.0,0.0,0.0,0.0,0.0,0.0,0.0,0.0,0.0,0.0,0.0,0.0,0.0,0.0,0.0,0.0,0.0,0.0,0.0,0.0,0.09906542056074766,0.0,0.0,0.0,0.018691588785046728,0.0006230529595015577,0.0,0.0,0.0,0.0,0.0,0.0,0.0,0.0,0.028037383177570093,0.0,0.0024922118380062306,0.0006230529595015577,0.0,0.03364485981308411,0.0012461059190031153,0.0,0.0,0.0,0.0006230529595015577,0.0,0.0,0.0,0.006230529595015576,0.0,0.0,0.0,0.0,0.0,0.0,0.0,0.03426791277258567,0.008722741433021807,0.0,0.0,0.0,0.0,0.0,0.0,0.0,0.0,0.0,0.0,0.0,0.0,0,0,0,0,0,0
176,109,5.045454545454546,6.4495412844036695,0.0,0.0,0.0,0.0,0.0,0.0,0.0,0.0,0.0,0.0,0.0,0.0,0.0,0.0,0.0,0.0,0.0,0.0,0.0,0.0,0.0,0.0,0.0,0.0,0.0,0.0,0.0,0.0,0.0,0.0,0.0,0.0,0.0,0.0,0.0,0.0,0.0,0.0,0.0,0.0,0.0,0.0,0.0,0.0,0.0,0.0,0.0,0.0,0.0,0.0,0.0,0.0,0.0,0.0,0.0,0.0,0.0,0.0,0.0,0.0,0.0,0.11363636363636363,0.0,0.0,0.0,0.011363636363636364,0.0,0.0,0.0,0.0,0.0,0.0,0.0,0.0,0.0,0.011363636363636364,0.0,0.0,0.0,0.0,0.03409090909090909,0.0,0.0,0.0,0.0,0.0,0.0,0.0,0.0,0.0,0.0,0.005681818181818182,0.0,0.0,0.0,0.0,0.0,0.03409090909090909,0.028409090909090908,0.0,0.0,0.0,0.0,0.0,0.0,0.0,0.0,0.005681818181818182,0.0,0.0,0.0,0,0,0,0,0,0
318,176,4.845911949685535,6.642045454545454,0.0,0.0,0.0,0.0,0.0,0.0,0.0,0.0,0.0,0.0,0.0,0.0,0.0,0.0,0.0,0.0,0.0,0.0,0.0,0.0,0.0,0.0,0.0,0.0,0.0,0.0,0.0,0.0,0.0,0.0,0.0,0.0,0.0,0.0,0.0,0.0,0.0,0.0,0.0,0.0,0.0,0.0,0.0,0.0031446540880503146,0.0,0.0,0.0,0.0,0.0,0.0,0.0,0.0,0.0,0.0,0.0,0.0,0.0,0.0,0.0,0.0,0.0,0.10377358490566038,0.0,0.0,0.0,0.031446540880503145,0.0031446540880503146,0.0031446540880503146,0.0,0.0,0.0,0.0,0.0,0.0,0.0,0.0220125786163522,0.0,0.0,0.0,0.0,0.031446540880503145,0.0,0.0,0.0,0.0,0.015723270440251572,0.0,0.0,0.0,0.0,0.0,0.0,0.0,0.0,0.0,0.0,0.0,0.015723270440251572,0.009433962264150943,0.0,0.0,0.0,0.0,0.0,0.0,0.0,0.0,0.0,0.0,0.0,0.0,0,0,0,0,0,0
743,451,5.180349932705249,6.66740576496674,0.0,0.0,0.0,0.0,0.0,0.0,0.0,0.0,0.0,0.0,0.0,0.0,0.0,0.0,0.0,0.0,0.0,0.0,0.0,0.0,0.0,0.0,0.0,0.0,0.0,0.0,0.0,0.0,0.0,0.0,0.0,0.0,0.0,0.0,0.0,0.0,0.0,0.0,0.0,0.0,0.0,0.0,0.0,0.0,0.0,0.0,0.0,0.0,0.0,0.0,0.0,0.0,0.0,0.0,0.0,0.0,0.0,0.0,0.0,0.0,0.0,0.0955585464333782,0.0,0.0,0.0,0.013458950201884253,0.0,0.0,0.004037685060565276,0.0013458950201884253,0.0,0.0,0.0,0.0,0.0,0.03230148048452221,0.0,0.008075370121130552,0.0013458950201884253,0.0,0.03095558546433378,0.0,0.0,0.0,0.0,0.0,0.0,0.0,0.0,0.0,0.0,0.0026917900403768506,0.0,0.0,0.0,0.0,0.0,0.016150740242261104,0.012113055181695828,0.0,0.0,0.0,0.0,0.0,0.0,0.0,0.0,0.0,0.0,0.0,0.0,0,0,0,0,0,0
425,265,5.030588235294117,6.305660377358491,0.0,0.0,0.0,0.0,0.0,0.0,0.0,0.0,0.0,0.0,0.0,0.0,0.0,0.0,0.0,0.0,0.0,0.0,0.0,0.0,0.0,0.0,0.0,0.0,0.0,0.0,0.0,0.0,0.0,0.0,0.0,0.0,0.0,0.0,0.0,0.0,0.0,0.0,0.0,0.0,0.0,0.0,0.0,0.0,0.0,0.0,0.0,0.0,0.0,0.0,0.0,0.0,0.0,0.0,0.0,0.0,0.0,0.0,0.0,0.0,0.0,0.11058823529411765,0.0,0.0,0.0,0.004705882352941176,0.0,0.0,0.0,0.0,0.0,0.0,0.0,0.0,0.0,0.058823529411764705,0.0,0.0,0.0,0.0,0.011764705882352941,0.018823529411764704,0.0,0.0,0.0,0.0,0.0,0.0,0.0,0.004705882352941176,0.0,0.0,0.0,0.0,0.0,0.0,0.0,0.018823529411764704,0.01411764705882353,0.0,0.0,0.0,0.0,0.0,0.0,0.0,0.0,0.0,0.0,0.0,0.0,0,0,0,0,0,0
493,274,4.9898580121703855,6.711678832116788,0.0,0.0,0.0,0.0,0.0,0.0,0.0,0.0,0.0,0.0,0.0,0.0,0.0,0.0,0.0,0.0,0.0,0.0,0.0,0.0,0.0,0.0,0.0,0.0,0.0,0.0,0.0,0.0,0.0,0.0,0.0,0.0,0.0,0.0,0.0,0.0,0.0,0.0,0.0,0.0,0.0,0.0,0.0,0.0,0.0,0.0,0.0,0.0,0.0,0.0,0.0,0.0,0.002028397565922921,0.0,0.002028397565922921,0.0,0.0,0.0,0.0,0.0,0.0,0.10547667342799188,0.0,0.0,0.0,0.016227180527383367,0.004056795131845842,0.0,0.008113590263691683,0.002028397565922921,0.0,0.0,0.0,0.0,0.0,0.032454361054766734,0.0,0.002028397565922921,0.0,0.0,0.036511156186612576,0.0,0.0,0.0,0.0,0.0,0.0,0.0,0.0,0.006085192697768763,0.0,0.006085192697768763,0.0,0.0,0.0,0.0,0.0,0.010141987829614604,0.008113590263691683,0.0,0.0,0.0,0.0,0.0,0.0,0.0,0.0,0.0,0.0,0.0,0.0,0,0,0,0,0,0
343,200,5.174927113702624,7.03,0.0,0.0,0.0,0.0,0.0,0.0,0.0,0.0,0.0,0.0,0.0,0.0,0.0,0.0,0.0,0.0,0.0,0.0,0.0,0.0,0.0,0.0,0.0,0.0,0.0,0.0,0.0,0.0,0.0,0.0,0.0,0.0,0.0,0.0,0.0,0.0,0.0,0.0,0.0,0.0,0.0,0.0,0.0,0.0,0.0,0.0,0.0,0.0,0.0,0.0,0.0,0.0,0.0,0.0,0.0,0.0,0.0,0.0,0.0,0.0,0.0,0.09329446064139942,0.0,0.0,0.0,0.0029154518950437317,0.0,0.0,0.0,0.0,0.0,0.0,0.0,0.0,0.0,0.05539358600583091,0.0,0.0029154518950437317,0.0,0.0,0.037900874635568516,0.0,0.0,0.0,0.0,0.0,0.0,0.0,0.0,0.0,0.0,0.0,0.0,0.0,0.0,0.0,0.0,0.03206997084548105,0.0,0.0,0.0,0.0,0.0,0.0,0.0,0.0,0.0,0.0,0.0,0.0,0.0,0,0,0,0,0,0
495,299,4.937373737373737,6.354515050167224,0.0,0.0,0.0,0.0,0.0,0.0,0.0,0.0,0.0,0.0,0.0,0.0,0.0,0.0,0.0,0.0,0.0,0.0,0.0,0.0,0.0,0.0,0.0,0.0,0.0,0.0,0.0,0.0,0.0,0.0,0.0,0.0,0.0,0.0,0.0,0.0,0.0,0.0,0.0,0.0,0.0,0.0,0.0,0.0,0.0,0.0,0.0,0.0,0.0,0.0,0.0,0.0,0.0,0.0,0.0,0.0,0.0,0.0,0.0,0.0,0.0,0.10303030303030303,0.0,0.0,0.0,0.006060606060606061,0.0,0.0,0.0,0.0,0.0,0.0,0.0,0.0,0.0,0.03838383838383838,0.0,0.0,0.0,0.0,0.03838383838383838,0.00808080808080808,0.0,0.00202020202020202,0.0,0.00404040404040404,0.0,0.0,0.0,0.00404040404040404,0.0,0.00202020202020202,0.0,0.0,0.0,0.0,0.0,0.006060606060606061,0.01616161616161616,0.0,0.0,0.0,0.0,0.0,0.0,0.0,0.0,0.0,0.0,0.0,0.0,0,0,0,0,0,0
313,187,5.0287539936102235,6.32620320855615,0.0,0.0,0.0,0.0,0.0,0.0,0.0,0.0,0.0,0.0,0.0,0.0,0.0,0.0,0.0,0.0,0.0,0.0,0.0,0.0,0.0,0.0,0.0,0.0,0.0,0.0,0.0,0.0,0.0,0.0,0.0,0.0,0.0,0.0,0.0,0.0,0.0,0.0,0.0,0.0,0.0,0.0,0.0,0.0,0.0,0.0,0.0,0.0,0.0,0.0,0.0,0.0,0.0,0.0,0.0,0.0,0.0,0.0,0.0,0.0,0.0,0.134185303514377,0.0,0.0,0.0,0.01597444089456869,0.0,0.0,0.003194888178913738,0.003194888178913738,0.0,0.0,0.0,0.0,0.0,0.019169329073482427,0.0,0.003194888178913738,0.0,0.0,0.02875399361022364,0.009584664536741214,0.0,0.0,0.0,0.0,0.0,0.0,0.0,0.009584664536741214,0.0,0.003194888178913738,0.0,0.0,0.0,0.0,0.0,0.012779552715654952,0.019169329073482427,0.0,0.0,0.0,0.0,0.0,0.0,0.0,0.0,0.0,0.0,0.0,0.0,0,0,0,0,0,0
1174,685,5.109028960817717,6.6540145985401455,0.0,0.0,0.0,0.0,0.0,0.0,0.0,0.0,0.0,0.0,0.0,0.0,0.0,0.0,0.0,0.0,0.0,0.0,0.0,0.0,0.0,0.0,0.0,0.0,0.0,0.0,0.0,0.0,0.0,0.0,0.0,0.0,0.0,0.0,0.0,0.0,0.0,0.0,0.0,0.0,0.0,0.0,0.0,0.0008517887563884157,0.0008517887563884157,0.0,0.0,0.0008517887563884157,0.0,0.0,0.0,0.0,0.0,0.0,0.0008517887563884157,0.0,0.0,0.0,0.0,0.0,0.0,0.09454855195911414,0.0,0.0008517887563884157,0.0,0.007666098807495741,0.0,0.0,0.0017035775127768314,0.0017035775127768314,0.0,0.0,0.0,0.0,0.0,0.02385008517887564,0.0008517887563884157,0.0008517887563884157,0.0,0.0,0.046848381601362864,0.0017035775127768314,0.0,0.002555366269165247,0.0,0.004258943781942078,0.0,0.0,0.0,0.0017035775127768314,0.0,0.0008517887563884157,0.0,0.0,0.0,0.0,0.0,0.00596252129471891,0.016183986371379896,0.0,0.0,0.0,0.0,0.0,0.0,0.0,0.0,0.0,0.0,0.0,0.0,0,0,0,0,0,0
303,178,4.973597359735973,6.50561797752809,0.0,0.0,0.0,0.0,0.0,0.0,0.0,0.0,0.0,0.0,0.0,0.0,0.0,0.0,0.0,0.0,0.0,0.0,0.0,0.0,0.0,0.0,0.0,0.0,0.0,0.0,0.0,0.0,0.0,0.0,0.0,0.0,0.0,0.0,0.0,0.0,0.0,0.0,0.0,0.0,0.0,0.0,0.0,0.0,0.0,0.0,0.0,0.0,0.0,0.0,0.0,0.0,0.0,0.0,0.0,0.0,0.0,0.0,0.0,0.0,0.0,0.0891089108910891,0.0,0.0,0.0,0.0033003300330033004,0.0,0.0,0.0033003300330033004,0.0,0.0,0.0,0.0,0.0,0.0,0.019801980198019802,0.0,0.0,0.0,0.0,0.0297029702970297,0.0033003300330033004,0.0,0.0,0.0,0.006600660066006601,0.0,0.0,0.0,0.0033003300330033004,0.0,0.0,0.0,0.0,0.0,0.0,0.0,0.009900990099009901,0.0429042904290429,0.0,0.0,0.0,0.0,0.0,0.0,0.0,0.0,0.0033003300330033004,0.0,0.0,0.0,0,0,0,0,0,0
441,243,4.816326530612245,6.448559670781893,0.0,0.0,0.0,0.0,0.0,0.0,0.0,0.0,0.0,0.0,0.0,0.0,0.0,0.0,0.0,0.0,0.0,0.0,0.0,0.0,0.0,0.0,0.0,0.0,0.0,0.0,0.0,0.0,0.0,0.0,0.0,0.0,0.0,0.0,0.0,0.0,0.0,0.0,0.0,0.0,0.0,0.0,0.0,0.0,0.0,0.0,0.0,0.0,0.0,0.0,0.0,0.0,0.0,0.0,0.0,0.0,0.0,0.0,0.0,0.0,0.0,0.09070294784580499,0.0,0.0,0.0,0.009070294784580499,0.0,0.0,0.0,0.0,0.0,0.0,0.0,0.0,0.0,0.04308390022675737,0.0,0.0022675736961451248,0.0,0.0,0.03854875283446712,0.0022675736961451248,0.0,0.0,0.0,0.009070294784580499,0.0,0.0,0.0,0.0,0.0,0.0022675736961451248,0.0,0.0,0.0,0.0,0.0,0.031746031746031744,0.022675736961451247,0.0,0.0,0.0,0.0,0.0,0.0,0.0,0.0,0.0,0.0,0.0,0.0,0,0,0,0,0,0
858,478,4.757575757575758,6.317991631799163,0.0,0.0,0.0,0.0,0.0,0.0,0.0,0.0,0.0,0.0,0.0,0.0,0.0,0.0,0.0,0.0,0.0,0.0,0.0,0.0,0.0,0.0,0.0,0.0,0.0,0.0,0.0,0.0,0.0,0.0,0.0,0.0,0.0,0.0,0.0,0.0,0.0,0.0,0.0,0.0,0.0,0.0,0.0,0.0,0.0,0.0,0.0011655011655011655,0.0011655011655011655,0.0,0.0,0.0,0.0,0.0,0.0,0.0011655011655011655,0.0,0.0,0.0,0.0,0.0,0.0,0.09090909090909091,0.0,0.0,0.0,0.015151515151515152,0.0011655011655011655,0.0,0.002331002331002331,0.0,0.0,0.0,0.0,0.0,0.0,0.037296037296037296,0.002331002331002331,0.0,0.0,0.0,0.017482517482517484,0.002331002331002331,0.0,0.0,0.0,0.0,0.0,0.0,0.0,0.005827505827505828,0.0,0.0034965034965034965,0.0,0.0,0.0,0.0011655011655011655,0.0,0.05011655011655012,0.024475524475524476,0.0011655011655011655,0.0,0.0011655011655011655,0.0,0.0,0.0,0.0,0.0,0.0,0.0,0.0,0.0,0,0,0,0,0,0
624,319,4.729166666666667,6.4576802507836994,0.0,0.0,0.0,0.0,0.0,0.0,0.0,0.0,0.0,0.0,0.0,0.0,0.0,0.0,0.0,0.0,0.0,0.0,0.0,0.0,0.0,0.0,0.0,0.0,0.0,0.0,0.0,0.0,0.0,0.0,0.0,0.0,0.0,0.0,0.0,0.0,0.0,0.0,0.0,0.0,0.0,0.0,0.0,0.0,0.0,0.0,0.0,0.0,0.0,0.0,0.0,0.0,0.0,0.0,0.0,0.0,0.0,0.0,0.0,0.0,0.0,0.10256410256410256,0.0,0.0,0.0,0.011217948717948718,0.0,0.0,0.004807692307692308,0.0,0.0,0.0,0.0,0.0,0.0,0.04326923076923077,0.0,0.0016025641025641025,0.0016025641025641025,0.0,0.02403846153846154,0.0,0.0,0.0016025641025641025,0.0,0.0016025641025641025,0.0,0.0,0.0,0.004807692307692308,0.0,0.0016025641025641025,0.0,0.0,0.0,0.0,0.0,0.017628205128205128,0.019230769230769232,0.0,0.0,0.0,0.0,0.0,0.0,0.0,0.0,0.0,0.0,0.0,0.0,0,0,0,0,0,0
842,495,5.192399049881235,6.7272727272727275,0.0,0.0,0.0,0.0,0.0,0.0,0.0,0.0,0.0,0.0,0.0,0.0,0.0,0.0,0.0,0.0,0.0,0.0,0.0,0.0,0.0,0.0,0.0,0.0,0.0,0.0,0.0,0.0,0.0,0.0,0.0,0.0,0.0,0.0,0.0,0.0,0.0,0.0,0.0,0.0,0.0,0.0,0.0,0.0,0.0,0.0,0.0,0.0,0.0,0.0,0.0,0.0,0.0,0.0011876484560570072,0.0,0.0,0.0,0.0,0.0,0.0,0.0,0.09263657957244656,0.0,0.0,0.0,0.015439429928741092,0.0023752969121140144,0.0,0.0,0.0,0.0,0.0,0.0,0.0,0.0,0.04275534441805225,0.0,0.0023752969121140144,0.0,0.0,0.023752969121140142,0.0011876484560570072,0.0,0.0011876484560570072,0.0,0.0011876484560570072,0.0,0.0,0.0,0.0011876484560570072,0.0,0.0023752969121140144,0.0,0.0,0.0,0.0,0.0,0.02494061757719715,0.0059382422802850355,0.0,0.0,0.0,0.0,0.0,0.0,0.0,0.0,0.0,0.0,0.0,0.0,0,0,0,0,0,0
2253,1239,4.567243675099867,6.020984665052461,0.0,0.0,0.0,0.0,0.0,0.0,0.0,0.0,0.0,0.0,0.0,0.0,0.0,0.0,0.0,0.0,0.0,0.0,0.0,0.0,0.0,0.0,0.0,0.0,0.0,0.0,0.0,0.0,0.0,0.0,0.0,0.0,0.0,0.0,0.0,0.0,0.0,0.0,0.0,0.0004438526409232135,0.0,0.0,0.0,0.0,0.0,0.0,0.0,0.0,0.0,0.0,0.0,0.0,0.0,0.0004438526409232135,0.0,0.0,0.0,0.0,0.0,0.0,0.0,0.11362627607634265,0.0,0.0,0.001775410563692854,0.01287172658677319,0.0,0.0,0.001775410563692854,0.0004438526409232135,0.0,0.0,0.0,0.0,0.0,0.040390590324012425,0.002663115845539281,0.0013315579227696406,0.0,0.0,0.03062583222370173,0.001775410563692854,0.0,0.0,0.0,0.004438526409232135,0.0,0.0,0.0004438526409232135,0.0013315579227696406,0.0,0.0004438526409232135,0.0,0.0,0.0,0.0004438526409232135,0.0,0.015978695073235686,0.005770084332001775,0.0,0.0,0.001775410563692854,0.0,0.0,0.0,0.0004438526409232135,0.0,0.0,0.0,0.0,0.0,0,0,0,0,0,0
949,497,4.738672286617492,6.464788732394366,0.0,0.0,0.0,0.0,0.0,0.0,0.0,0.0,0.0,0.0,0.0,0.0,0.0,0.0,0.0,0.0,0.0,0.0,0.0,0.0,0.0,0.0,0.0,0.0,0.0,0.0,0.0,0.0,0.0,0.0,0.0,0.0,0.0,0.0,0.0,0.0,0.0,0.0,0.0,0.0,0.0,0.0,0.0,0.0,0.0,0.0,0.0,0.0,0.002107481559536354,0.0,0.0,0.0,0.001053740779768177,0.002107481559536354,0.0,0.0,0.0,0.0,0.0,0.0,0.0,0.11169652265542676,0.0,0.0,0.0,0.015806111696522657,0.001053740779768177,0.0,0.0,0.0,0.0,0.0,0.0,0.0,0.0,0.0410958904109589,0.0,0.002107481559536354,0.001053740779768177,0.0,0.02845100105374078,0.0,0.0,0.001053740779768177,0.0,0.002107481559536354,0.0,0.0,0.0,0.002107481559536354,0.0,0.001053740779768177,0.0,0.0,0.0,0.0,0.0,0.020021074815595362,0.009483667017913594,0.0,0.0,0.0,0.0,0.0,0.0,0.0,0.0,0.001053740779768177,0.0,0.0,0.0,0,0,0,0,0,0
934,490,4.338329764453961,5.785714285714286,0.0,0.0,0.0,0.0,0.0,0.0,0.0,0.0,0.0,0.0,0.0,0.0,0.0,0.0,0.0,0.0,0.0,0.0,0.0,0.0,0.0,0.0,0.0,0.0,0.0,0.0,0.0,0.0,0.0,0.0,0.0,0.0,0.0,0.0,0.0,0.0,0.0,0.0,0.0,0.0,0.0,0.0,0.0,0.0,0.0,0.0010706638115631692,0.0010706638115631692,0.0,0.0,0.0,0.0,0.0010706638115631692,0.0,0.0010706638115631692,0.0010706638115631692,0.0,0.0,0.0,0.0,0.0,0.0,0.12740899357601712,0.0021413276231263384,0.0,0.0021413276231263384,0.04068522483940043,0.0032119914346895075,0.0010706638115631692,0.010706638115631691,0.0,0.0,0.0,0.0,0.0,0.0,0.029978586723768737,0.0,0.0010706638115631692,0.0,0.0,0.010706638115631691,0.004282655246252677,0.0,0.0,0.0,0.028907922912205567,0.0010706638115631692,0.0,0.0010706638115631692,0.0,0.0,0.0021413276231263384,0.0,0.0,0.0,0.0,0.0,0.011777301927194861,0.0032119914346895075,0.0,0.0,0.0,0.0,0.0,0.0,0.0,0.0,0.0,0.0,0.0,0.0,0,0,0,0,0,0
4667,2596,5.103278337261624,6.826271186440678,0.0,0.0,0.0,0.0,0.0,0.0,0.0,0.0,0.0,0.0,0.0,0.0,0.0,0.0,0.0,0.0,0.0,0.0,0.0,0.0,0.0,0.0,0.0,0.0,0.0,0.0,0.0,0.0,0.0,0.0,0.0,0.0,0.0,0.0,0.0,0.0,0.0,0.0,0.0,0.0,0.0,0.0,0.0,0.0,0.0,0.0,0.0,0.0,0.0,0.0,0.0,0.0,0.0,0.0,0.0,0.0,0.0,0.0,0.0,0.0,0.0,0.0878508677951575,0.0,0.0,0.0,0.010927790872080565,0.0010713520462824085,0.0,0.0,0.0,0.0,0.0,0.0,0.0,0.0,0.04842511249196486,0.0,0.0036425969573601886,0.0012856224555388902,0.0,0.03085493893293336,0.00042854081851296334,0.0,0.00021427040925648167,0.0,0.00042854081851296334,0.0,0.0,0.0,0.004285408185129634,0.0,0.0008570816370259267,0.0,0.0,0.0,0.0,0.0,0.020998500107135203,0.013284765373901865,0.0,0.0,0.0,0.0,0.0,0.0,0.0,0.0,0.0,0.0,0.0,0.0,0,0,0,0,0,0
3540,1762,4.727118644067796,6.625993189557321,0.0,0.0,0.0,0.0,0.0,0.0,0.0,0.0,0.0,0.0,0.0,0.0,0.0,0.0,0.0,0.0,0.0,0.0,0.0,0.0,0.0,0.0,0.0,0.0,0.0,0.0,0.0,0.0,0.0,0.0,0.0,0.0,0.0,0.0,0.0,0.0,0.0,0.0,0.0,0.0,0.0,0.0,0.0,0.0,0.0,0.0,0.0,0.0,0.0,0.0,0.0,0.0,0.0,0.0002824858757062147,0.0,0.0,0.0,0.0,0.0,0.0,0.0,0.11299435028248588,0.0,0.0,0.0,0.010734463276836158,0.0005649717514124294,0.0,0.002824858757062147,0.0005649717514124294,0.0,0.0,0.0,0.0,0.0,0.04887005649717514,0.0,0.007062146892655367,0.001694915254237288,0.0,0.023163841807909605,0.0014124293785310734,0.0,0.0014124293785310734,0.0,0.001694915254237288,0.0,0.0,0.0,0.0031073446327683617,0.0,0.0031073446327683617,0.0,0.0,0.0,0.0,0.0,0.0192090395480226,0.012146892655367232,0.0,0.0,0.0,0.0,0.0,0.0,0.0,0.0,0.0002824858757062147,0.0,0.0,0.0,0,0,0,0,0,0
497,247,4.7565392354124745,6.506072874493927,0.0,0.0,0.0,0.0,0.0,0.0,0.0,0.0,0.0,0.0,0.0,0.0,0.0,0.0,0.0,0.0,0.0,0.0,0.0,0.0,0.0,0.0,0.0,0.0,0.0,0.0,0.0,0.0,0.0,0.0,0.0,0.0,0.0,0.0,0.0,0.0,0.0,0.0,0.0,0.0,0.0,0.0,0.0,0.0,0.0,0.0,0.0,0.0,0.0,0.0,0.0,0.0,0.0,0.0,0.0,0.0,0.0,0.0,0.0,0.0,0.0,0.060362173038229376,0.0,0.0,0.0,0.012072434607645875,0.006036217303822937,0.0,0.0,0.0,0.0,0.0,0.0,0.0,0.0,0.02012072434607646,0.0,0.0,0.0,0.0,0.06438631790744467,0.0,0.0,0.002012072434607646,0.0,0.0,0.0,0.0,0.0,0.002012072434607646,0.0,0.002012072434607646,0.0,0.0,0.002012072434607646,0.0,0.0,0.022132796780684104,0.006036217303822937,0.0,0.0,0.0,0.0,0.0,0.0,0.0,0.002012072434607646,0.02414486921529175,0.002012072434607646,0.002012072434607646,0.0,0,0,0,0,0,0
442,205,4.3031674208144794,6.224390243902439,0.0,0.0,0.0,0.0,0.0,0.0,0.0,0.0,0.0,0.0,0.0,0.0,0.0,0.0,0.0,0.0,0.0,0.0,0.0,0.0,0.0,0.0,0.0,0.0,0.0,0.0,0.0,0.0,0.0,0.0,0.0,0.0,0.0,0.0,0.0,0.0,0.0,0.0,0.0,0.0,0.0,0.0,0.0,0.0,0.0,0.0,0.0,0.0022624434389140274,0.0,0.0,0.0,0.0,0.0,0.0022624434389140274,0.0,0.0,0.0,0.0,0.0,0.0,0.0,0.12669683257918551,0.0,0.0,0.0,0.020361990950226245,0.0,0.0,0.006787330316742082,0.0,0.0,0.0,0.0,0.0,0.0,0.029411764705882353,0.0,0.0,0.0,0.0,0.03619909502262444,0.03619909502262444,0.0,0.0,0.0,0.01583710407239819,0.0,0.0,0.0,0.0022624434389140274,0.0,0.0,0.0,0.0,0.0,0.0,0.0,0.0022624434389140274,0.024886877828054297,0.0,0.0,0.0,0.0,0.0,0.0,0.0,0.0,0.0,0.0,0.0,0.0,0,0,0,0,0,0
447,245,4.94407158836689,6.636734693877551,0.0,0.0,0.0,0.0,0.0,0.0,0.0,0.0,0.0,0.0,0.0,0.0,0.0,0.0,0.0,0.0,0.0,0.0,0.0,0.0,0.0,0.0,0.0,0.0,0.0,0.0,0.0,0.0,0.0,0.0,0.0,0.0,0.0,0.0,0.0,0.0,0.0,0.0,0.0,0.0,0.0,0.0,0.0,0.0,0.0,0.0,0.0,0.0,0.0,0.0,0.0,0.0,0.0,0.0022371364653243847,0.0,0.0,0.0,0.0,0.0,0.0,0.0,0.10961968680089486,0.0,0.0,0.0,0.015659955257270694,0.0044742729306487695,0.0,0.0022371364653243847,0.0,0.0,0.0,0.0,0.0,0.0,0.0447427293064877,0.0044742729306487695,0.0022371364653243847,0.0,0.0,0.040268456375838924,0.0,0.0,0.0,0.0,0.0,0.0,0.0,0.0,0.0022371364653243847,0.0,0.0044742729306487695,0.0,0.0,0.0,0.0,0.0,0.015659955257270694,0.015659955257270694,0.0,0.0,0.0,0.0,0.0,0.0,0.0,0.0,0.0,0.0,0.0,0.0,0,0,0,0,0,0
1184,655,5.027027027027027,6.798473282442748,0.0,0.0,0.0,0.0,0.0,0.0,0.0,0.0,0.0,0.0,0.0,0.0,0.0,0.0,0.0,0.0,0.0,0.0,0.0,0.0,0.0,0.0,0.0,0.0,0.0,0.0,0.0,0.0,0.0,0.0,0.0,0.0,0.0,0.0,0.0,0.0,0.0,0.0,0.0,0.0,0.0,0.0,0.0,0.0,0.0,0.0,0.0,0.0,0.0,0.0,0.0008445945945945946,0.0,0.0,0.0,0.0,0.0,0.0,0.0,0.0,0.0,0.0,0.08277027027027027,0.0,0.0,0.0,0.005067567567567568,0.0,0.0,0.0,0.0,0.0,0.0,0.0,0.0,0.0,0.037162162162162164,0.0,0.002533783783783784,0.0008445945945945946,0.0,0.03800675675675676,0.0008445945945945946,0.0,0.0016891891891891893,0.0,0.0016891891891891893,0.0,0.0,0.0,0.004222972972972973,0.0,0.0,0.0,0.0,0.0,0.0,0.0,0.022804054054054054,0.002533783783783784,0.0,0.0,0.0,0.0,0.0,0.0,0.0,0.0,0.0,0.0,0.0,0.0,0,0,0,0,0,0
825,420,4.6036363636363635,6.292857142857143,0.0,0.0,0.0,0.0,0.0,0.0,0.0,0.0,0.0,0.0,0.0,0.0,0.0,0.0,0.0,0.0,0.0,0.0,0.0,0.0,0.0,0.0,0.0,0.0,0.0,0.0,0.0,0.0,0.0,0.0,0.0,0.0,0.0,0.0,0.0,0.0,0.0,0.0,0.0,0.0,0.0,0.0012121212121212121,0.0,0.0,0.0,0.0,0.0,0.0,0.0,0.0,0.0,0.0,0.0,0.0,0.0012121212121212121,0.0,0.0,0.0,0.0,0.0,0.0,0.0703030303030303,0.0,0.0,0.0,0.01575757575757576,0.0012121212121212121,0.0,0.0,0.0,0.0,0.0,0.0,0.0,0.0,0.041212121212121214,0.0012121212121212121,0.0012121212121212121,0.0,0.0012121212121212121,0.03515151515151515,0.0024242424242424242,0.0,0.0048484848484848485,0.0024242424242424242,0.0,0.0,0.0,0.0,0.0012121212121212121,0.0,0.0024242424242424242,0.0,0.0,0.0,0.0,0.0,0.01575757575757576,0.03878787878787879,0.0,0.0,0.0,0.0,0.0,0.0,0.0,0.0,0.0036363636363636364,0.0024242424242424242,0.0024242424242424242,0.0,0,0,0,0,0,0
593,293,4.284991568296796,5.419795221843003,0.0,0.0,0.0,0.0,0.0,0.0,0.0,0.0,0.0,0.0,0.0,0.0,0.0,0.0,0.0,0.0,0.0,0.0,0.0,0.0,0.0,0.0,0.0,0.0,0.0,0.0,0.0,0.0,0.0,0.0,0.0,0.0,0.0,0.0,0.0,0.0,0.0,0.0,0.0,0.0,0.0,0.003372681281618887,0.0,0.0,0.0,0.0016863406408094434,0.0,0.0,0.0,0.0016863406408094434,0.0016863406408094434,0.0,0.0,0.003372681281618887,0.0016863406408094434,0.0,0.0,0.0,0.0,0.0,0.0,0.14165261382799327,0.0,0.0,0.0,0.016863406408094434,0.0,0.0,0.0016863406408094434,0.0,0.0,0.0,0.0,0.0,0.0,0.03541315345699832,0.0,0.0016863406408094434,0.0,0.0,0.01011804384485666,0.003372681281618887,0.0,0.003372681281618887,0.0016863406408094434,0.0016863406408094434,0.0,0.0,0.0,0.021922428330522766,0.0,0.013490725126475547,0.0,0.0,0.0,0.0,0.0,0.01854974704890388,0.023608768971332208,0.0,0.0,0.0016863406408094434,0.0,0.0,0.0,0.0,0.0,0.003372681281618887,0.0,0.0,0.0,0,0,0,0,0,0
579,317,4.34887737478411,5.400630914826499,0.0,0.0,0.0,0.0,0.0,0.0,0.0,0.0,0.0,0.0,0.0,0.0,0.0,0.0,0.0,0.0,0.0,0.0,0.0,0.0,0.0,0.0,0.0,0.0,0.0,0.0,0.0,0.0,0.0,0.0,0.0,0.0,0.0,0.0,0.0,0.0,0.0,0.0,0.0,0.0,0.0,0.0,0.0017271157167530224,0.0,0.0,0.0,0.0,0.0,0.0,0.0017271157167530224,0.0,0.0,0.0,0.0,0.0,0.0,0.0,0.0,0.0,0.0,0.0,0.07944732297063903,0.0,0.0,0.0,0.0051813471502590676,0.0,0.0,0.0017271157167530224,0.0,0.0,0.0,0.0,0.0,0.0,0.02072538860103627,0.0,0.0,0.0,0.0,0.039723661485319514,0.0017271157167530224,0.0,0.0,0.0,0.0,0.0,0.0,0.0,0.0,0.0,0.0017271157167530224,0.0,0.0,0.0,0.0,0.0,0.017271157167530225,0.015544041450777202,0.0,0.0,0.0,0.0,0.0,0.0,0.0,0.0,0.03454231433506045,0.0,0.0,0.0,0,0,0,0,0,0
408,229,4.544117647058823,5.908296943231441,0.0,0.0,0.0,0.0,0.0,0.0,0.0,0.0,0.0,0.0,0.0,0.0,0.0,0.0,0.0,0.0,0.0,0.0,0.0,0.0,0.0,0.0,0.0,0.0,0.0,0.0,0.0,0.0,0.0,0.0,0.0,0.0,0.0,0.0,0.0,0.0,0.0,0.0,0.0,0.0,0.0,0.0,0.0,0.0,0.0,0.0,0.0,0.0,0.0,0.0,0.0,0.0,0.0,0.0,0.0,0.0,0.0,0.0,0.0,0.0,0.0,0.14705882352941177,0.0,0.0,0.0,0.04411764705882353,0.0,0.0,0.0,0.0,0.0,0.0,0.0,0.0,0.0,0.03431372549019608,0.0,0.0,0.0,0.0,0.051470588235294115,0.0,0.0,0.004901960784313725,0.0,0.0196078431372549,0.0,0.0,0.0,0.0,0.0,0.0,0.0,0.0,0.0,0.0,0.0,0.029411764705882353,0.007352941176470588,0.0,0.0,0.0,0.0,0.0,0.0,0.0,0.0,0.0,0.0,0.0,0.0,0,0,0,0,0,0
2292,1242,4.819371727748691,6.50805152979066,0.0,0.0,0.0,0.0,0.0,0.0,0.0,0.0,0.0,0.0,0.0,0.0,0.0,0.0,0.0,0.0,0.0,0.0,0.0,0.0,0.0,0.0,0.0,0.0,0.0,0.0,0.0,0.0,0.0,0.0,0.0,0.0,0.0,0.0,0.0,0.0,0.0,0.0,0.0,0.0,0.0,0.0,0.0,0.0,0.0004363001745200698,0.0,0.0,0.0,0.0,0.0004363001745200698,0.0004363001745200698,0.0004363001745200698,0.0,0.0,0.0,0.0,0.0,0.0,0.0,0.0,0.0,0.11649214659685864,0.0,0.0,0.0,0.011343804537521814,0.0030541012216404886,0.0,0.0004363001745200698,0.0,0.0,0.0,0.0,0.0,0.0,0.038394415357766144,0.0,0.0013089005235602095,0.0,0.0,0.0274869109947644,0.0013089005235602095,0.0,0.002181500872600349,0.0013089005235602095,0.002181500872600349,0.0,0.0,0.0,0.002617801047120419,0.0,0.004799301919720768,0.0,0.0,0.0,0.0,0.0,0.034031413612565446,0.013961605584642234,0.0,0.0,0.0,0.0,0.0,0.0,0.0,0.0,0.0013089005235602095,0.0,0.0,0.0,0,0,0,0,0,0
659,403,5.1380880121396055,6.590570719602978,0.0,0.0,0.0,0.0,0.0,0.0,0.0,0.0,0.0,0.0,0.0,0.0,0.0,0.0,0.0,0.0,0.0,0.0,0.0,0.0,0.0,0.0,0.0,0.0,0.0,0.0,0.0,0.0,0.0,0.0,0.0,0.0,0.0,0.0,0.0,0.0,0.0,0.0,0.0,0.0,0.0,0.0,0.0,0.0,0.0,0.0,0.0,0.0,0.0,0.0,0.0,0.0,0.0,0.0,0.0,0.0,0.0,0.0,0.0,0.0,0.0,0.12139605462822459,0.0,0.0,0.0,0.018209408194233688,0.0030349013657056147,0.0,0.0030349013657056147,0.0,0.0,0.0,0.0,0.0,0.0,0.0409711684370258,0.0,0.0030349013657056147,0.0,0.0,0.028831562974203338,0.0015174506828528073,0.0,0.0,0.0,0.0030349013657056147,0.0,0.0,0.0,0.009104704097116844,0.0,0.0015174506828528073,0.0,0.0,0.0,0.0,0.0,0.027314112291350532,0.010622154779969651,0.0,0.0,0.0,0.0,0.0,0.0,0.0,0.0,0.0,0.0,0.0,0.0,0,0,0,0,0,0
947,513,4.663146779303062,6.216374269005848,0.0,0.0,0.0,0.0,0.0,0.0,0.0,0.0,0.0,0.0,0.0,0.0,0.0,0.0,0.0,0.0,0.0,0.0,0.0,0.0,0.0,0.0,0.0,0.0,0.0,0.0,0.0,0.0,0.0,0.0,0.0,0.0,0.0,0.0,0.0,0.0,0.0,0.0,0.0,0.0,0.0,0.0,0.0,0.0,0.0,0.0010559662090813093,0.0,0.0,0.0,0.0,0.0,0.0010559662090813093,0.0,0.0,0.0,0.0,0.0,0.0,0.0,0.0,0.0,0.08130939809926083,0.0,0.0,0.0,0.013727560718057022,0.0,0.0,0.0010559662090813093,0.0,0.0,0.0,0.0,0.0,0.0,0.044350580781414996,0.0010559662090813093,0.005279831045406547,0.0,0.0,0.03907074973600845,0.0010559662090813093,0.0,0.0,0.0,0.0,0.0,0.0,0.0,0.004223864836325237,0.0,0.0021119324181626186,0.0,0.0,0.0,0.0,0.0,0.04118268215417107,0.014783526927138331,0.0,0.0,0.0010559662090813093,0.0,0.0,0.0,0.0,0.0,0.0010559662090813093,0.0,0.0,0.0,0,0,0,0,0,0
976,576,5.07172131147541,6.602430555555555,0.0,0.0,0.0,0.0,0.0,0.0,0.0,0.0,0.0,0.0,0.0,0.0,0.0,0.0,0.0,0.0,0.0,0.0,0.0,0.0,0.0,0.0,0.0,0.0,0.0,0.0,0.0,0.0,0.0,0.0,0.0,0.0,0.0,0.0,0.0,0.0,0.0,0.0,0.0,0.0,0.0,0.0,0.0,0.0,0.0,0.0,0.0,0.0,0.0,0.0,0.0,0.0,0.0,0.0,0.0,0.0,0.0,0.0,0.0,0.0,0.0,0.09938524590163934,0.0,0.0,0.0,0.0030737704918032786,0.0,0.0,0.0,0.0,0.0,0.0,0.0,0.0,0.0,0.0235655737704918,0.0,0.0010245901639344263,0.0,0.0,0.03483606557377049,0.0,0.0,0.0020491803278688526,0.0,0.0,0.0,0.0,0.0,0.005122950819672131,0.0,0.0,0.0,0.0,0.0,0.0,0.0,0.02663934426229508,0.012295081967213115,0.0,0.0,0.0,0.0,0.0,0.0,0.0020491803278688526,0.0,0.0,0.0,0.0,0.0,0,0,0,0,0,0
435,264,5.0183908045977015,6.503787878787879,0.0,0.0,0.0,0.0,0.0,0.0,0.0,0.0,0.0,0.0,0.0,0.0,0.0,0.0,0.0,0.0,0.0,0.0,0.0,0.0,0.0,0.0,0.0,0.0,0.0,0.0,0.0,0.0,0.0,0.0,0.0,0.0,0.0,0.0,0.0,0.0,0.0,0.0,0.0,0.0,0.0,0.0,0.0,0.0,0.0,0.0,0.0,0.0,0.0,0.0,0.0,0.0,0.0,0.0,0.0,0.0,0.0,0.0,0.0,0.0,0.0,0.11494252873563218,0.0,0.0,0.0,0.006896551724137931,0.0,0.0,0.0,0.0,0.0,0.0,0.0,0.0,0.0,0.04597701149425287,0.0,0.0,0.0,0.0,0.03218390804597701,0.0,0.0,0.0,0.0,0.006896551724137931,0.0,0.0,0.0,0.0022988505747126436,0.0,0.0022988505747126436,0.0,0.0,0.0,0.0,0.0,0.04597701149425287,0.016091954022988506,0.0,0.0,0.0,0.0,0.0,0.0,0.0,0.0,0.0,0.0,0.0,0.0,0,0,0,0,0,0
436,252,5.094036697247707,6.7936507936507935,0.0,0.0,0.0,0.0,0.0,0.0,0.0,0.0,0.0,0.0,0.0,0.0,0.0,0.0,0.0,0.0,0.0,0.0,0.0,0.0,0.0,0.0,0.0,0.0,0.0,0.0,0.0,0.0,0.0,0.0,0.0,0.0,0.0,0.0,0.0,0.0,0.0,0.0,0.0,0.0,0.0,0.0,0.0,0.0,0.0,0.0,0.0,0.0,0.0,0.0,0.0,0.0,0.0,0.0,0.0,0.0,0.0,0.0,0.0,0.0,0.0,0.10321100917431193,0.0,0.0,0.0,0.011467889908256881,0.0022935779816513763,0.0,0.0022935779816513763,0.0,0.0,0.0,0.0,0.0,0.0,0.02981651376146789,0.0,0.0,0.0,0.0,0.0389908256880734,0.0022935779816513763,0.0,0.0,0.0,0.0,0.0,0.0,0.0,0.0,0.0,0.0,0.0,0.0,0.0,0.0,0.0,0.02522935779816514,0.011467889908256881,0.0,0.0,0.0,0.0,0.0,0.0,0.0,0.0,0.0,0.0,0.0,0.0,0,0,0,0,0,0
591,327,4.7428087986463625,6.302752293577981,0.0,0.0,0.0,0.0,0.0,0.0,0.0,0.0,0.0,0.0,0.0,0.0,0.0,0.0,0.0,0.0,0.0,0.0,0.0,0.0,0.0,0.0,0.0,0.0,0.0,0.0,0.0,0.0,0.0,0.0,0.0,0.0,0.0,0.0,0.0,0.0,0.0,0.0,0.0,0.0,0.0,0.0,0.0,0.0,0.0,0.0,0.0,0.0,0.0,0.0,0.0,0.0,0.0,0.0,0.0,0.0,0.0,0.0,0.0,0.0,0.0,0.07614213197969544,0.0,0.0,0.0,0.011844331641285956,0.0,0.0,0.0,0.0,0.0,0.0,0.0,0.0,0.0,0.043993231810490696,0.00338409475465313,0.00338409475465313,0.0,0.0,0.02707275803722504,0.001692047377326565,0.0,0.0,0.0,0.0,0.0,0.0,0.0,0.00338409475465313,0.0,0.001692047377326565,0.0,0.0,0.0,0.0,0.0,0.01692047377326565,0.015228426395939087,0.0,0.0,0.0,0.0,0.0,0.0,0.0,0.0,0.0,0.0,0.0,0.0,0,0,0,0,0,0
1234,581,4.579416531604538,6.519793459552496,0.0,0.0,0.0,0.0,0.0,0.0,0.0,0.0,0.0,0.0,0.0,0.0,0.0,0.0,0.0,0.0,0.0,0.0,0.0,0.0,0.0,0.0,0.0,0.0,0.0,0.0,0.0,0.0,0.0,0.0,0.0,0.0,0.0,0.0,0.0,0.0,0.0,0.0,0.0,0.0,0.0,0.0,0.0,0.0,0.0,0.0,0.0,0.0,0.0,0.0,0.0,0.0,0.0008103727714748784,0.0,0.0,0.0,0.0,0.0,0.0,0.0,0.0,0.15883306320907617,0.0,0.0,0.0,0.017828200972447326,0.0016207455429497568,0.0008103727714748784,0.012155591572123177,0.0024311183144246355,0.0,0.0,0.0,0.0,0.0,0.03484602917341977,0.0,0.0024311183144246355,0.0008103727714748784,0.0,0.02593192868719611,0.0008103727714748784,0.0,0.0008103727714748784,0.0,0.005672609400324149,0.0,0.0,0.0,0.0,0.0,0.0024311183144246355,0.0,0.0,0.0,0.0,0.0,0.009724473257698542,0.012155591572123177,0.0,0.0,0.0,0.0,0.0,0.0,0.0,0.0,0.0,0.0,0.0,0.0,0,0,0,0,0,0
566,280,4.602473498233215,6.35,0.0,0.0,0.0,0.0,0.0,0.0,0.0,0.0,0.0,0.0,0.0,0.0,0.0,0.0,0.0,0.0,0.0,0.0,0.0,0.0,0.0,0.0,0.0,0.0,0.0,0.0,0.0,0.0,0.0,0.0,0.0,0.0,0.0,0.0,0.0,0.0,0.0,0.0,0.0,0.0,0.0,0.0,0.0,0.0,0.0,0.0,0.0,0.0,0.0,0.0,0.0,0.0,0.0,0.0,0.0,0.0,0.0,0.0,0.0,0.0,0.0,0.1696113074204947,0.0,0.0,0.0,0.02120141342756184,0.0,0.0,0.00530035335689046,0.0,0.0,0.0,0.0,0.0,0.0,0.024734982332155476,0.0,0.0017667844522968198,0.0,0.0,0.028268551236749116,0.0,0.0,0.0,0.0,0.00530035335689046,0.0,0.0,0.0,0.014134275618374558,0.0,0.007067137809187279,0.0,0.0,0.0,0.0,0.0,0.014134275618374558,0.012367491166077738,0.0,0.0,0.0,0.0,0.0,0.0,0.0,0.0,0.0,0.0,0.0,0.0,0,0,0,0,0,0
805,436,4.859627329192547,6.5504587155963305,0.0,0.0,0.0,0.0,0.0,0.0,0.0,0.0,0.0,0.0,0.0,0.0,0.0,0.0,0.0,0.0,0.0,0.0,0.0,0.0,0.0,0.0,0.0,0.0,0.0,0.0,0.0,0.0,0.0,0.0,0.0,0.0,0.0,0.0,0.0,0.0,0.0,0.0,0.0,0.0,0.0,0.0,0.0,0.0,0.0,0.0,0.0,0.0,0.0,0.0012422360248447205,0.0,0.0,0.0,0.0,0.0,0.0,0.0,0.0,0.0,0.0,0.0,0.08074534161490683,0.0,0.0,0.0,0.02236024844720497,0.0037267080745341614,0.0,0.0012422360248447205,0.0,0.0,0.0,0.0,0.0,0.0,0.040993788819875775,0.0,0.0,0.0,0.0,0.03602484472049689,0.0012422360248447205,0.0,0.004968944099378882,0.004968944099378882,0.0012422360248447205,0.0,0.0,0.0,0.0037267080745341614,0.0,0.0037267080745341614,0.0,0.0,0.0,0.0,0.0,0.040993788819875775,0.02236024844720497,0.0,0.0,0.0,0.0,0.0,0.0,0.0,0.0,0.002484472049689441,0.002484472049689441,0.0,0.002484472049689441,0,0,0,0,0,0
691,407,4.600578871201158,5.862407862407863,0.0,0.0,0.0,0.0,0.0,0.0,0.0,0.0,0.0,0.0,0.0,0.0,0.0,0.0,0.0,0.0,0.0,0.0,0.0,0.0,0.0,0.0,0.0,0.0,0.0,0.0,0.0,0.0,0.0,0.0,0.0,0.0,0.0,0.0,0.0,0.0,0.0,0.0,0.0,0.0,0.0,0.0,0.0,0.0,0.0,0.0,0.0,0.0,0.0,0.0,0.0,0.0,0.001447178002894356,0.0,0.0,0.0,0.0,0.0,0.0,0.0,0.0,0.10419681620839363,0.0,0.0,0.0,0.013024602026049204,0.002894356005788712,0.0,0.001447178002894356,0.0,0.0,0.0,0.0,0.0,0.0,0.03328509406657019,0.0,0.0,0.0,0.0,0.02170767004341534,0.0,0.0,0.0,0.0,0.001447178002894356,0.0,0.0,0.0,0.004341534008683068,0.0,0.0,0.0,0.0,0.0,0.0,0.0,0.05209840810419682,0.01447178002894356,0.0,0.0,0.0,0.0,0.0,0.0,0.0,0.0,0.0,0.0,0.0,0.0,0,0,0,0,0,0
1921,980,4.520041644976574,6.075510204081633,0.0,0.0,0.0,0.0,0.0,0.0,0.0,0.0,0.0,0.0,0.0,0.0,0.0,0.0,0.0,0.0,0.0,0.0,0.0,0.0,0.0,0.0,0.0,0.0,0.0,0.0,0.0,0.0,0.0,0.0,0.0,0.0,0.0,0.0,0.0,0.0,0.0,0.0,0.0,0.0,0.0,0.0,0.0,0.0,0.0,0.0,0.0,0.0,0.0005205622071837585,0.0,0.0,0.0,0.0,0.0,0.001041124414367517,0.0,0.0,0.0,0.0,0.0,0.0,0.15720978656949505,0.0,0.0,0.0,0.025507548152004164,0.0,0.0,0.007287870900572618,0.0,0.0,0.0,0.0,0.0,0.0,0.029672045809474232,0.0,0.001041124414367517,0.0,0.0,0.024466423737636647,0.0031233732431025507,0.0,0.0,0.0,0.007287870900572618,0.0,0.0,0.0,0.0031233732431025507,0.0,0.0005205622071837585,0.0,0.0,0.0,0.0,0.0,0.015096304008328995,0.015096304008328995,0.0,0.0,0.0,0.0,0.0,0.0,0.0,0.0,0.0,0.0,0.0,0.0,0,0,0,0,0,0
937,538,5.03948772678762,6.600371747211896,0.0,0.0,0.0,0.0,0.0,0.0,0.0,0.0,0.0,0.0,0.0,0.0,0.0,0.0,0.0,0.0,0.0,0.0,0.0,0.0,0.0,0.0,0.0,0.0,0.0,0.0,0.0,0.0,0.0,0.0,0.0,0.0,0.0,0.0,0.0,0.0,0.0,0.0,0.0,0.0,0.0,0.0,0.0,0.0,0.0,0.0,0.0,0.0,0.0,0.0,0.0,0.0010672358591248667,0.0,0.0,0.0,0.0,0.0,0.0,0.0,0.0,0.0,0.08004268943436499,0.0,0.0,0.0021344717182497333,0.008537886872998933,0.0010672358591248667,0.0,0.0010672358591248667,0.0,0.0,0.0,0.0,0.0,0.0,0.033084311632870865,0.0010672358591248667,0.0021344717182497333,0.0010672358591248667,0.0010672358591248667,0.04375667022411953,0.0,0.0,0.0010672358591248667,0.0,0.004268943436499467,0.0,0.0,0.0,0.0010672358591248667,0.0,0.0,0.0,0.0,0.0,0.0,0.0,0.010672358591248666,0.011739594450373533,0.0,0.0,0.0,0.0,0.0,0.0,0.0,0.0,0.0,0.0,0.0,0.0,0,0,0,0,0,0
338,217,4.831360946745562,6.027649769585254,0.0,0.0,0.0,0.0,0.0,0.0,0.0,0.0,0.0,0.0,0.0,0.0,0.0,0.0,0.0,0.0,0.0,0.0,0.0,0.0,0.0,0.0,0.0,0.0,0.0,0.0,0.0,0.0,0.0,0.0,0.0,0.0,0.0,0.0,0.0,0.0,0.0,0.0,0.0,0.0,0.0,0.0,0.0,0.0,0.0,0.0,0.0,0.0,0.0,0.0,0.0,0.0,0.0,0.0,0.0,0.0,0.0,0.0,0.0,0.0,0.0,0.08579881656804733,0.0,0.0,0.0,0.005917159763313609,0.0,0.0,0.0,0.0,0.0,0.0,0.0,0.0,0.0,0.03550295857988166,0.0029585798816568047,0.0,0.0,0.0,0.029585798816568046,0.0,0.0,0.0,0.0,0.0,0.0,0.0,0.0,0.0,0.0,0.0,0.0,0.0,0.0,0.0029585798816568047,0.0,0.014792899408284023,0.0,0.0,0.0,0.0,0.0,0.0,0.0,0.0,0.0,0.0,0.0,0.0,0.0,0,0,0,0,0,0
598,361,5.031772575250836,6.393351800554017,0.0,0.0,0.0,0.0,0.0,0.0,0.0,0.0,0.0,0.0,0.0,0.0,0.0,0.0,0.0,0.0,0.0,0.0,0.0,0.0,0.0,0.0,0.0,0.0,0.0,0.0,0.0,0.0,0.0,0.0,0.0,0.0,0.0,0.0,0.0,0.0,0.0,0.0,0.0,0.0,0.0,0.0,0.0,0.0,0.0,0.0,0.0,0.0,0.0,0.0,0.0,0.0,0.0,0.0,0.0,0.0,0.0,0.0,0.0,0.0,0.0,0.10367892976588629,0.0,0.0,0.0016722408026755853,0.020066889632107024,0.0,0.0,0.005016722408026756,0.0016722408026755853,0.0,0.0,0.0,0.0,0.0,0.038461538461538464,0.0,0.006688963210702341,0.0,0.0,0.015050167224080268,0.0,0.0,0.0,0.0,0.0,0.0,0.0,0.0,0.0033444816053511705,0.0,0.0033444816053511705,0.0,0.0,0.0,0.0,0.0,0.008361204013377926,0.005016722408026756,0.0,0.0,0.0,0.0,0.0,0.0,0.0,0.0,0.0,0.0,0.0,0.0,0,0,0,0,0,0
315,187,5.003174603174603,6.411764705882353,0.0,0.0,0.0,0.0,0.0,0.0,0.0,0.0,0.0,0.0,0.0,0.0,0.0,0.0,0.0,0.0,0.0,0.0,0.0,0.0,0.0,0.0,0.0,0.0,0.0,0.0,0.0,0.0,0.0,0.0,0.0,0.0,0.0,0.0,0.0,0.0,0.0,0.0,0.0,0.0,0.0,0.0,0.0,0.0,0.0,0.0,0.0,0.0,0.0,0.0,0.0,0.0,0.0,0.0,0.0,0.0,0.0,0.0,0.0,0.0,0.0,0.08571428571428572,0.0,0.0,0.0,0.009523809523809525,0.0031746031746031746,0.0,0.0,0.0,0.0,0.0,0.0,0.0,0.0,0.047619047619047616,0.0,0.006349206349206349,0.0,0.0,0.025396825396825397,0.0,0.0,0.0,0.0,0.0,0.0,0.0,0.0,0.0,0.0,0.0,0.0,0.0,0.0,0.0,0.0,0.01904761904761905,0.012698412698412698,0.0,0.0,0.0,0.0,0.0,0.0,0.0,0.0,0.0,0.0,0.0,0.0,0,0,0,0,0,0
363,196,4.663911845730028,6.239795918367347,0.0,0.0,0.0,0.0,0.0,0.0,0.0,0.0,0.0,0.0,0.0,0.0,0.0,0.0,0.0,0.0,0.0,0.0,0.0,0.0,0.0,0.0,0.0,0.0,0.0,0.0,0.0,0.0,0.0,0.0,0.0,0.0,0.0,0.0,0.0,0.0,0.0,0.0,0.0,0.0,0.0,0.0,0.0,0.0,0.0,0.0,0.0,0.0,0.0,0.0,0.0,0.0027548209366391185,0.0027548209366391185,0.0,0.0,0.0,0.0,0.0,0.0,0.0,0.0,0.12947658402203857,0.0,0.0,0.0,0.024793388429752067,0.005509641873278237,0.0,0.0,0.0,0.0,0.0,0.0,0.0,0.0,0.04132231404958678,0.0,0.0,0.0,0.0,0.030303030303030304,0.0027548209366391185,0.0,0.0,0.0,0.01652892561983471,0.0,0.0,0.0,0.0027548209366391185,0.0,0.0,0.0,0.0,0.0,0.0,0.0,0.02203856749311295,0.0027548209366391185,0.0,0.0,0.0027548209366391185,0.0,0.0,0.0,0.0,0.0,0.0,0.0,0.0,0.0,0,0,0,0,0,0
572,344,5.134615384615385,6.549418604651163,0.0,0.0,0.0,0.0,0.0,0.0,0.0,0.0,0.0,0.0,0.0,0.0,0.0,0.0,0.0,0.0,0.0,0.0,0.0,0.0,0.0,0.0,0.0,0.0,0.0,0.0,0.0,0.0,0.0,0.0,0.0,0.0,0.0,0.0,0.0,0.0,0.0,0.0,0.0,0.0,0.0,0.0,0.0,0.0,0.0,0.0,0.0,0.0,0.0,0.0,0.0,0.0,0.0,0.0,0.0,0.0,0.0,0.0,0.0,0.0,0.0,0.12237762237762238,0.0,0.0,0.0,0.024475524475524476,0.0,0.0,0.0,0.0,0.0,0.0,0.0,0.0,0.0,0.03671328671328671,0.0,0.0034965034965034965,0.0,0.0,0.012237762237762238,0.0,0.0,0.0017482517482517483,0.0,0.0034965034965034965,0.0,0.0,0.0,0.006993006993006993,0.0,0.005244755244755245,0.0,0.0,0.0,0.0,0.0,0.015734265734265736,0.017482517482517484,0.0,0.0,0.0,0.0,0.0,0.0,0.0,0.0,0.0,0.0,0.0,0.0,0,0,0,0,0,0
1047,560,4.553008595988539,6.139285714285714,0.0,0.0,0.0,0.0,0.0,0.0,0.0,0.0,0.0,0.0,0.0,0.0,0.0,0.0,0.0,0.0,0.0,0.0,0.0,0.0,0.0,0.0,0.0,0.0,0.0,0.0,0.0,0.0,0.0,0.0,0.0,0.0,0.0,0.0,0.0,0.0,0.0,0.0,0.0,0.0,0.0,0.0,0.0,0.0,0.0,0.0009551098376313276,0.0,0.0,0.0,0.0,0.0,0.0,0.0,0.0,0.0,0.0,0.0,0.0,0.0,0.0,0.0,0.12225405921680993,0.0,0.0,0.0009551098376313276,0.015281757402101241,0.0,0.0,0.0028653295128939827,0.0,0.0,0.0,0.0,0.0,0.0,0.02387774594078319,0.0009551098376313276,0.0,0.0,0.0,0.045845272206303724,0.0009551098376313276,0.0,0.0,0.0,0.0009551098376313276,0.0,0.0,0.0,0.0,0.0,0.0,0.0,0.0,0.0,0.0,0.0,0.021012416427889206,0.0057306590257879654,0.0,0.0,0.0,0.0,0.0,0.0009551098376313276,0.0,0.0,0.0009551098376313276,0.0,0.0,0.0,0,0,0,0,0,0
799,454,4.979974968710889,6.656387665198238,0.0,0.0,0.0,0.0,0.0,0.0,0.0,0.0,0.0,0.0,0.0,0.0,0.0,0.0,0.0,0.0,0.0,0.0,0.0,0.0,0.0,0.0,0.0,0.0,0.0,0.0,0.0,0.0,0.0,0.0,0.0,0.0,0.0,0.0,0.0,0.0,0.0,0.0,0.0,0.0,0.0,0.0,0.0,0.0,0.0,0.0,0.0,0.0,0.0,0.0,0.0,0.0012515644555694619,0.0,0.0,0.0,0.0,0.0,0.0,0.0,0.0,0.0,0.0951188986232791,0.0,0.0,0.0,0.012515644555694618,0.0,0.0,0.0,0.0,0.0,0.0,0.0,0.0,0.0,0.04881101376720901,0.0,0.0050062578222778474,0.0,0.0,0.03254067584480601,0.0012515644555694619,0.0,0.0,0.0,0.0037546933667083854,0.0,0.0,0.0,0.0037546933667083854,0.0,0.0037546933667083854,0.0,0.0,0.0,0.0,0.0,0.012515644555694618,0.012515644555694618,0.0,0.0,0.0,0.0,0.0,0.0,0.0,0.0,0.0012515644555694619,0.0,0.0,0.0,0,0,0,0,0,0
1241,747,5.088638195004029,6.6546184738955825,0.0,0.0,0.0,0.0,0.0,0.0,0.0,0.0,0.0,0.0,0.0,0.0,0.0,0.0,0.0,0.0,0.0,0.0,0.0,0.0,0.0,0.0,0.0,0.0,0.0,0.0,0.0,0.0,0.0,0.0,0.0,0.0,0.0,0.0,0.0,0.0,0.0,0.0,0.0,0.0,0.0,0.0,0.0,0.0,0.0,0.0,0.0,0.0,0.0,0.0,0.0,0.0,0.0,0.0,0.0,0.0,0.0,0.0,0.0,0.0,0.0,0.07413376309427881,0.0,0.0,0.0,0.008863819500402902,0.0016116035455278,0.0,0.0,0.0,0.0,0.0,0.0,0.0,0.0,0.053988718775181306,0.0008058017727639,0.0,0.0,0.0,0.022562449637389202,0.0,0.0,0.0,0.0,0.0016116035455278,0.0,0.0,0.0,0.0,0.0,0.0,0.0,0.0,0.0,0.0,0.0,0.0128928283642224,0.0056406124093473006,0.0,0.0,0.0,0.0,0.0,0.0,0.0008058017727639,0.0,0.0,0.0,0.0,0.0,0,0,0,0,0,0
869,471,4.766398158803222,6.350318471337579,0.0,0.0,0.0,0.0,0.0,0.0,0.0,0.0,0.0,0.0,0.0,0.0,0.0,0.0,0.0,0.0,0.0,0.0,0.0,0.0,0.0,0.0,0.0,0.0,0.0,0.0,0.0,0.0,0.0,0.0,0.0,0.0,0.0,0.0,0.0,0.0,0.0,0.0,0.0,0.0,0.0,0.0,0.0,0.0,0.0,0.0,0.0,0.0,0.0011507479861910242,0.0,0.0,0.0,0.0,0.0011507479861910242,0.0,0.0,0.0,0.0,0.0,0.0,0.0,0.0805523590333717,0.0,0.0,0.0,0.012658227848101266,0.0,0.0,0.0011507479861910242,0.0,0.0,0.0,0.0,0.0,0.0,0.028768699654775604,0.0,0.0011507479861910242,0.0,0.0,0.02531645569620253,0.0023014959723820483,0.0,0.0023014959723820483,0.0011507479861910242,0.0,0.0,0.0,0.0,0.0023014959723820483,0.0,0.0011507479861910242,0.0,0.0,0.0,0.0,0.0,0.01726121979286536,0.01726121979286536,0.0,0.0,0.0,0.0,0.0,0.0,0.0,0.0,0.0023014959723820483,0.0,0.0,0.0,0,0,0,0,0,0
746,455,4.912868632707775,6.2725274725274724,0.0,0.0,0.0,0.0,0.0,0.0,0.0,0.0,0.0,0.0,0.0,0.0,0.0,0.0,0.0,0.0,0.0,0.0,0.0,0.0,0.0,0.0,0.0,0.0,0.0,0.0,0.0,0.0,0.0,0.0,0.0,0.0,0.0,0.0,0.0,0.0,0.0,0.0,0.0,0.0,0.0,0.0,0.0,0.0,0.0,0.0,0.0,0.0,0.0,0.0,0.0,0.0,0.0,0.0,0.0,0.0,0.0,0.0,0.0,0.0,0.0,0.07506702412868632,0.0,0.0,0.0,0.014745308310991957,0.0013404825737265416,0.0,0.002680965147453083,0.0,0.0,0.0,0.0,0.0,0.0,0.04691689008042895,0.0,0.0013404825737265416,0.0,0.0,0.057640750670241284,0.0,0.0,0.0,0.0,0.0,0.0,0.0,0.0,0.0,0.0,0.0013404825737265416,0.0,0.0,0.0,0.0,0.0,0.020107238605898123,0.006702412868632708,0.0,0.0,0.0,0.0,0.0,0.0,0.0,0.0,0.0,0.0,0.0,0.0,0,0,0,0,0,0
9019,4979,4.807850094245482,6.432616991363727,0.0,0.0,0.0,0.0,0.0,0.0,0.0,0.0,0.0,0.0,0.0,0.0,0.0,0.0,0.0,0.0,0.0,0.0,0.0,0.0,0.0,0.0,0.0,0.0,0.0,0.0,0.0,0.0,0.0,0.0,0.0,0.0,0.0,0.0,0.0,0.0,0.0,0.0,0.0,0.0,0.0,0.0,0.00011087703736556159,0.00022175407473112318,0.00033263111209668475,0.0,0.00011087703736556159,0.00011087703736556159,0.0,0.00033263111209668475,0.00011087703736556159,0.00022175407473112318,0.00033263111209668475,0.00011087703736556159,0.00022175407473112318,0.0,0.0,0.0,0.0,0.0,0.0,0.11120966847765827,0.0,0.00011087703736556159,0.00033263111209668475,0.010976826699190598,0.0006652622241933695,0.0,0.0031045570462357244,0.0007761392615589311,0.0,0.0,0.0,0.0,0.0,0.04246590531101009,0.0006652622241933695,0.0014414014857523007,0.00011087703736556159,0.0,0.03514802084488303,0.001663155560483424,0.0,0.001330524448386739,0.00011087703736556159,0.0017740325978489854,0.0,0.0,0.0,0.001330524448386739,0.0,0.0009978933362900543,0.0,0.0,0.0,0.00044350814946224635,0.0,0.024060317108326866,0.011531211886018406,0.0,0.0,0.000554385186827808,0.0,0.0,0.0,0.000554385186827808,0.00011087703736556159,0.00022175407473112318,0.0,0.0,0.0,0,0,0,0,0,0
780,417,4.865384615384615,6.41726618705036,0.0,0.0,0.0,0.0,0.0,0.0,0.0,0.0,0.0,0.0,0.0,0.0,0.0,0.0,0.0,0.0,0.0,0.0,0.0,0.0,0.0,0.0,0.0,0.0,0.0,0.0,0.0,0.0,0.0,0.0,0.0,0.0,0.0,0.0,0.0,0.0,0.0,0.0,0.0,0.0,0.0,0.0,0.0,0.0,0.0,0.0,0.0,0.0,0.0,0.0,0.0,0.0,0.0,0.0,0.0,0.0,0.0,0.0,0.0,0.0,0.0,0.08846153846153847,0.0,0.0,0.0,0.008974358974358974,0.001282051282051282,0.0,0.0,0.0,0.0,0.0,0.0,0.0,0.0,0.029487179487179487,0.0,0.0,0.0,0.0,0.035897435897435895,0.0,0.0,0.0,0.0,0.0,0.0,0.0,0.0,0.00641025641025641,0.0,0.002564102564102564,0.0,0.0,0.0,0.0,0.0,0.014102564102564103,0.023076923076923078,0.0,0.0,0.0,0.0,0.0,0.0,0.001282051282051282,0.0,0.0,0.0,0.0,0.0,0,0,0,0,0,0
1167,709,5.2382176520994,6.688293370944993,0.0,0.0,0.0,0.0,0.0,0.0,0.0,0.0,0.0,0.0,0.0,0.0,0.0,0.0,0.0,0.0,0.0,0.0,0.0,0.0,0.0,0.0,0.0,0.0,0.0,0.0,0.0,0.0,0.0,0.0,0.0,0.0,0.0,0.0,0.0,0.0,0.0,0.0,0.0,0.0,0.0,0.0,0.0,0.0,0.0,0.0,0.0,0.0,0.0,0.0,0.0,0.0,0.0,0.0,0.0,0.0,0.0,0.0,0.0,0.0,0.0,0.06512425021422451,0.0,0.0,0.0,0.003427592116538132,0.0,0.0,0.0,0.0,0.0,0.0,0.0,0.0,0.0,0.06598114824335904,0.000856898029134533,0.001713796058269066,0.0,0.0,0.02570694087403599,0.0,0.0,0.0,0.0,0.0,0.0,0.0,0.0,0.003427592116538132,0.0,0.002570694087403599,0.0,0.0,0.0,0.0,0.0,0.01970865467009426,0.015424164524421594,0.0,0.0,0.0,0.0,0.0,0.0,0.0,0.0,0.0,0.0,0.0,0.0,0,0,0,0,0,0
743,465,5.2584118438761775,6.741935483870968,0.0,0.0,0.0,0.0,0.0,0.0,0.0,0.0,0.0,0.0,0.0,0.0,0.0,0.0,0.0,0.0,0.0,0.0,0.0,0.0,0.0,0.0,0.0,0.0,0.0,0.0,0.0,0.0,0.0,0.0,0.0,0.0,0.0,0.0,0.0,0.0,0.0,0.0,0.0,0.0,0.0,0.0013458950201884253,0.0,0.0,0.0,0.0,0.0,0.0,0.0,0.0,0.0,0.0,0.0,0.0,0.0,0.0,0.0,0.0,0.0,0.0,0.0,0.06594885598923284,0.0,0.0,0.0,0.013458950201884253,0.0026917900403768506,0.0,0.0013458950201884253,0.0013458950201884253,0.0,0.0,0.0,0.0,0.0,0.059219380888290714,0.0,0.009421265141318977,0.0,0.0,0.047106325706594884,0.0,0.0,0.0013458950201884253,0.0,0.0,0.0,0.0,0.0,0.0,0.0,0.0013458950201884253,0.0,0.0,0.0,0.0,0.0,0.029609690444145357,0.013458950201884253,0.0,0.0,0.0,0.0,0.0,0.0,0.0,0.0,0.0,0.0,0.0,0.0,0,0,0,0,0,0
3730,2151,5.020107238605898,6.644351464435147,0.0,0.0,0.0,0.0,0.0,0.0,0.0,0.0,0.0,0.0,0.0,0.0,0.0,0.0,0.0,0.0,0.0,0.0,0.0,0.0,0.0,0.0,0.0,0.0,0.0,0.0,0.0,0.0,0.0,0.0,0.0,0.0,0.0,0.0,0.0,0.0,0.0,0.0,0.0,0.0,0.0,0.0,0.00026809651474530834,0.0,0.0,0.0,0.0,0.0,0.0,0.0,0.00026809651474530834,0.00026809651474530834,0.00026809651474530834,0.0,0.00026809651474530834,0.0,0.0,0.0,0.0,0.0,0.0,0.09812332439678284,0.0,0.00026809651474530834,0.0010723860589812334,0.010723860589812333,0.0008042895442359249,0.0,0.0016085790884718498,0.0,0.0,0.0,0.0,0.0,0.0,0.05871313672922252,0.0010723860589812334,0.002680965147453083,0.0,0.0,0.03136729222520107,0.0018766756032171583,0.0,0.0,0.0,0.0016085790884718498,0.0,0.0,0.0,0.003485254691689008,0.0,0.0016085790884718498,0.0,0.0,0.00026809651474530834,0.00026809651474530834,0.00026809651474530834,0.010455764075067025,0.01099195710455764,0.0,0.0,0.00026809651474530834,0.0,0.0,0.0005361930294906167,0.0,0.0,0.0,0.0,0.0,0.0,0,0,0,0,0,0
894,453,4.314317673378076,5.898454746136865,0.0,0.0,0.0,0.0,0.0,0.0,0.0,0.0,0.0,0.0,0.0,0.0,0.0,0.0,0.0,0.0,0.0,0.0,0.0,0.0,0.0,0.0,0.0,0.0,0.0,0.0,0.0,0.0,0.0,0.0,0.0,0.0,0.0,0.0,0.0,0.0,0.0,0.0,0.0,0.0,0.0,0.0,0.0,0.0,0.0,0.0,0.0,0.0,0.0,0.0,0.0,0.0,0.0,0.0,0.0,0.0,0.0,0.0,0.0,0.0,0.0,0.08501118568232663,0.0,0.0,0.0,0.015659955257270694,0.003355704697986577,0.0,0.0,0.0,0.0,0.0,0.0,0.0,0.0,0.02348993288590604,0.0,0.0044742729306487695,0.0,0.0,0.02237136465324385,0.016778523489932886,0.0,0.0022371364653243847,0.0011185682326621924,0.0,0.0,0.0,0.0,0.005592841163310962,0.0,0.003355704697986577,0.0,0.0,0.0,0.0,0.0,0.007829977628635347,0.016778523489932886,0.0,0.0,0.0,0.0,0.0,0.0,0.0,0.0,0.0011185682326621924,0.0011185682326621924,0.0011185682326621924,0.0,0,0,0,0,0,0
738,402,4.925474254742547,6.641791044776119,0.0,0.0,0.0,0.0,0.0,0.0,0.0,0.0,0.0,0.0,0.0,0.0,0.0,0.0,0.0,0.0,0.0,0.0,0.0,0.0,0.0,0.0,0.0,0.0,0.0,0.0,0.0,0.0,0.0,0.0,0.0,0.0,0.0,0.0,0.0,0.0,0.0,0.0,0.0,0.0,0.0,0.0,0.0,0.0,0.0,0.0,0.0,0.0,0.0,0.0,0.0,0.0,0.0,0.0,0.0,0.0,0.0,0.0,0.0,0.0,0.0,0.08401084010840108,0.0,0.0,0.0027100271002710027,0.016260162601626018,0.0013550135501355014,0.0,0.0,0.0,0.0,0.0,0.0,0.0,0.0,0.06368563685636856,0.0013550135501355014,0.0027100271002710027,0.0,0.0,0.03116531165311653,0.0,0.0,0.0,0.0,0.0,0.0,0.0,0.0,0.0013550135501355014,0.0,0.0013550135501355014,0.0,0.0,0.0,0.0013550135501355014,0.0,0.02032520325203252,0.008130081300813009,0.0,0.0,0.0,0.0,0.0,0.0,0.0,0.0,0.0,0.0,0.0,0.0,0,0,0,0,0,0
919,465,3.8476605005440696,5.023655913978494,0.0,0.0,0.0,0.0,0.0,0.0,0.0,0.0,0.0,0.0,0.0,0.0,0.0,0.0,0.0,0.0,0.0,0.0,0.0,0.0,0.0,0.0,0.0,0.0,0.0,0.0,0.0,0.0,0.0,0.0,0.0,0.0,0.0,0.0,0.0,0.0,0.0,0.0,0.0,0.0,0.0,0.0,0.0,0.0,0.001088139281828074,0.0,0.0,0.0,0.001088139281828074,0.0,0.0,0.001088139281828074,0.0,0.0,0.0,0.0,0.0,0.0,0.0,0.0,0.0,0.10337323177366703,0.001088139281828074,0.001088139281828074,0.0,0.028291621327529923,0.002176278563656148,0.0,0.003264417845484222,0.0,0.0,0.0,0.0,0.0,0.0,0.030467899891186073,0.002176278563656148,0.0,0.0,0.0,0.031556039173014146,0.01958650707290533,0.0,0.0,0.0,0.0,0.0,0.0,0.0,0.002176278563656148,0.0,0.003264417845484222,0.0,0.0,0.0,0.0,0.0,0.015233949945593036,0.028291621327529923,0.00544069640914037,0.0,0.0,0.0,0.0,0.0,0.0,0.0,0.0,0.0,0.0,0.0,0,0,0,0,0,0
1305,726,4.821455938697318,6.413223140495868,0.0,0.0,0.0,0.0,0.0,0.0,0.0,0.0,0.0,0.0,0.0,0.0,0.0,0.0,0.0,0.0,0.0,0.0,0.0,0.0,0.0,0.0,0.0,0.0,0.0,0.0,0.0,0.0,0.0,0.0,0.0,0.0,0.0,0.0,0.0,0.0,0.0,0.0,0.0,0.0,0.0,0.0,0.0,0.0,0.0,0.0,0.0,0.0,0.0,0.0,0.0007662835249042146,0.0022988505747126436,0.0,0.0015325670498084292,0.0,0.0,0.0,0.0,0.0,0.0,0.0,0.08582375478927202,0.0,0.0007662835249042146,0.0015325670498084292,0.010727969348659003,0.0,0.0,0.0030651340996168583,0.0,0.0,0.0,0.0,0.0,0.0,0.03984674329501916,0.0022988505747126436,0.0022988505747126436,0.0,0.0,0.020689655172413793,0.0007662835249042146,0.0,0.0007662835249042146,0.0,0.0,0.0,0.0,0.0,0.0022988505747126436,0.0,0.0015325670498084292,0.0,0.0,0.0,0.0,0.0,0.016091954022988506,0.01685823754789272,0.0,0.0,0.0,0.0,0.0,0.0,0.0,0.0,0.0007662835249042146,0.0,0.0,0.0,0,0,0,0,0,0
736,444,5.184782608695652,6.617117117117117,0.0,0.0,0.0,0.0,0.0,0.0,0.0,0.0,0.0,0.0,0.0,0.0,0.0,0.0,0.0,0.0,0.0,0.0,0.0,0.0,0.0,0.0,0.0,0.0,0.0,0.0,0.0,0.0,0.0,0.0,0.0,0.0,0.0,0.0,0.0,0.0,0.0,0.0,0.0,0.0,0.0,0.0,0.0,0.0,0.0,0.0,0.0,0.0,0.0,0.0,0.0,0.0,0.0,0.0,0.0,0.0,0.0,0.0,0.0,0.0,0.0,0.09375,0.0,0.0,0.0,0.008152173913043478,0.001358695652173913,0.0,0.0,0.0,0.0,0.0,0.0,0.0,0.0,0.0625,0.001358695652173913,0.004076086956521739,0.004076086956521739,0.0,0.036684782608695655,0.0,0.0,0.0,0.0,0.0,0.0,0.0,0.0,0.002717391304347826,0.0,0.0,0.0,0.0,0.0,0.0,0.0,0.02309782608695652,0.016304347826086956,0.0,0.0,0.0,0.0,0.0,0.0,0.0,0.0,0.0,0.0,0.0,0.0,0,0,0,0,0,0
513,301,4.703703703703703,6.04983388704319,0.0,0.0,0.0,0.0,0.0,0.0,0.0,0.0,0.0,0.0,0.0,0.0,0.0,0.0,0.0,0.0,0.0,0.0,0.0,0.0,0.0,0.0,0.0,0.0,0.0,0.0,0.0,0.0,0.0,0.0,0.0,0.0,0.0,0.0,0.0,0.0,0.0,0.0,0.0,0.0,0.0,0.0,0.001949317738791423,0.001949317738791423,0.0,0.0,0.001949317738791423,0.001949317738791423,0.001949317738791423,0.001949317738791423,0.0,0.0,0.001949317738791423,0.0,0.0,0.0,0.0,0.0,0.0,0.0,0.0,0.08382066276803118,0.0,0.0,0.0,0.009746588693957114,0.0,0.0,0.0,0.0,0.0,0.0,0.0,0.0,0.0,0.02729044834307992,0.0,0.003898635477582846,0.0,0.0,0.021442495126705652,0.0,0.0,0.0,0.0,0.0,0.0,0.0,0.0,0.005847953216374269,0.0,0.0,0.0,0.0,0.0,0.0,0.0,0.01364522417153996,0.01364522417153996,0.0,0.0,0.0,0.0,0.0,0.0,0.0,0.0,0.0,0.0,0.0,0.0,0,0,0,0,0,0
755,440,4.900662251655629,6.411363636363636,0.0,0.0,0.0,0.0,0.0,0.0,0.0,0.0,0.0,0.0,0.0,0.0,0.0,0.0,0.0,0.0,0.0,0.0,0.0,0.0,0.0,0.0,0.0,0.0,0.0,0.0,0.0,0.0,0.0,0.0,0.0,0.0,0.0,0.0,0.0,0.0,0.0,0.0,0.0,0.0,0.0,0.0,0.0,0.0,0.0,0.0,0.0,0.0,0.0,0.0,0.0,0.0013245033112582781,0.0013245033112582781,0.0,0.0,0.0,0.0,0.0,0.0,0.0,0.0,0.08211920529801324,0.0,0.0,0.0,0.005298013245033113,0.0013245033112582781,0.0,0.0,0.0,0.0,0.0,0.0,0.0,0.0,0.038410596026490065,0.0013245033112582781,0.0026490066225165563,0.0,0.0,0.04768211920529802,0.0,0.0,0.0013245033112582781,0.0,0.0,0.0,0.0,0.0,0.0026490066225165563,0.0,0.0,0.0,0.0,0.0,0.0,0.0,0.022516556291390728,0.015894039735099338,0.0,0.0,0.0,0.0,0.0,0.0,0.0013245033112582781,0.0,0.0013245033112582781,0.0,0.0,0.0,0,0,0,0,0,0
592,307,4.905405405405405,6.680781758957655,0.0,0.0,0.0,0.0,0.0,0.0,0.0,0.0,0.0,0.0,0.0,0.0,0.0,0.0,0.0,0.0,0.0,0.0,0.0,0.0,0.0,0.0,0.0,0.0,0.0,0.0,0.0,0.0,0.0,0.0,0.0,0.0,0.0,0.0,0.0,0.0,0.0,0.0,0.0,0.0,0.0,0.0,0.0,0.0,0.0,0.0,0.0,0.0,0.0,0.0,0.0,0.0,0.0,0.0,0.0,0.0,0.0,0.0,0.0,0.0,0.0,0.08783783783783784,0.0,0.0,0.0,0.011824324324324325,0.0,0.0,0.0,0.0,0.0,0.0,0.0,0.0,0.0,0.04222972972972973,0.0,0.005067567567567568,0.0016891891891891893,0.0,0.02027027027027027,0.0,0.0,0.0016891891891891893,0.0,0.0,0.0,0.0,0.0,0.0,0.0,0.005067567567567568,0.0,0.0,0.0,0.0,0.0,0.016891891891891893,0.02027027027027027,0.0,0.0,0.0,0.0,0.0,0.0,0.0,0.0,0.0,0.0,0.0,0.0,0,0,0,0,0,0
1758,988,4.9573378839590445,6.604251012145749,0.0,0.0,0.0,0.0,0.0,0.0,0.0,0.0,0.0,0.0,0.0,0.0,0.0,0.0,0.0,0.0,0.0,0.0,0.0,0.0,0.0,0.0,0.0,0.0,0.0,0.0,0.0,0.0,0.0,0.0,0.0,0.0,0.0,0.0,0.0,0.0,0.0,0.0,0.0,0.0011376564277588168,0.0,0.0,0.0,0.0,0.0,0.0,0.0,0.0,0.0,0.0,0.0,0.0,0.0,0.0,0.0,0.0,0.0,0.0,0.0,0.0,0.0,0.08930602957906712,0.0,0.0,0.0,0.010238907849829351,0.0011376564277588168,0.0,0.0005688282138794084,0.0,0.0,0.0,0.0,0.0,0.0,0.047212741751990896,0.0,0.0017064846416382253,0.0,0.0011376564277588168,0.02901023890784983,0.0,0.0,0.0005688282138794084,0.0,0.0011376564277588168,0.0,0.0,0.0,0.002844141069397042,0.0,0.0005688282138794084,0.0,0.0,0.0,0.0,0.0,0.02901023890784983,0.01080773606370876,0.0,0.0,0.0,0.0,0.0,0.0,0.0,0.0,0.0,0.0,0.0,0.0,0,0,0,0,0,0
1363,746,4.861335289801907,6.471849865951743,0.0,0.0,0.0,0.0,0.0,0.0,0.0,0.0,0.0,0.0,0.0,0.0,0.0,0.0,0.0,0.0,0.0,0.0,0.0,0.0,0.0,0.0,0.0,0.0,0.0,0.0,0.0,0.0,0.0,0.0,0.0,0.0,0.0,0.0,0.0,0.0,0.0,0.0,0.0,0.0007336757153338225,0.0,0.0,0.0,0.0,0.0,0.0,0.0007336757153338225,0.0,0.0,0.0,0.0,0.0007336757153338225,0.0,0.0,0.0007336757153338225,0.0,0.0,0.0,0.0,0.0,0.0,0.09611151870873075,0.001467351430667645,0.0,0.0,0.02127659574468085,0.001467351430667645,0.0,0.00293470286133529,0.0,0.0,0.0,0.0,0.0,0.0,0.03741746148202495,0.0007336757153338225,0.0,0.0,0.0,0.02641232575201761,0.00293470286133529,0.0,0.001467351430667645,0.0007336757153338225,0.011005135730007337,0.001467351430667645,0.0,0.0,0.00293470286133529,0.0,0.0022010271460014674,0.0,0.0,0.0,0.0007336757153338225,0.0,0.016140865737344093,0.012472487160674981,0.0,0.0,0.0,0.0,0.0,0.001467351430667645,0.0007336757153338225,0.0,0.00293470286133529,0.0007336757153338225,0.0007336757153338225,0.0,0,0,0,0,0,0
1940,1165,5.156701030927835,6.665236051502146,0.0,0.0,0.0,0.0,0.0,0.0,0.0,0.0,0.0,0.0,0.0,0.0,0.0,0.0,0.0,0.0,0.0,0.0,0.0,0.0,0.0,0.0,0.0,0.0,0.0,0.0,0.0,0.0,0.0,0.0,0.0,0.0,0.0,0.0,0.0,0.0,0.0,0.0,0.0,0.0,0.0,0.0,0.0,0.0,0.0,0.0,0.0,0.0,0.0,0.0,0.0,0.0,0.0,0.0,0.0,0.0,0.0,0.0,0.0,0.0,0.0,0.10257731958762886,0.0,0.0,0.0,0.023195876288659795,0.0010309278350515464,0.0005154639175257732,0.0,0.0,0.0,0.0,0.0,0.0,0.0,0.060309278350515465,0.0010309278350515464,0.002577319587628866,0.0005154639175257732,0.0,0.02731958762886598,0.0010309278350515464,0.0,0.0005154639175257732,0.0,0.010309278350515464,0.0,0.0,0.0,0.004123711340206186,0.0,0.002577319587628866,0.0,0.0,0.0005154639175257732,0.0005154639175257732,0.0005154639175257732,0.020618556701030927,0.010824742268041237,0.0,0.0,0.0010309278350515464,0.0,0.0,0.0,0.0,0.0,0.0,0.0,0.0,0.0,0,0,0,0,0,0
1102,649,5.0916515426497275,6.593220338983051,0.0,0.0,0.0,0.0,0.0,0.0,0.0,0.0,0.0,0.0,0.0,0.0,0.0,0.0,0.0,0.0,0.0,0.0,0.0,0.0,0.0,0.0,0.0,0.0,0.0,0.0,0.0,0.0,0.0,0.0,0.0,0.0,0.0,0.0,0.0,0.0,0.0,0.0,0.0,0.0,0.0,0.0,0.0,0.0,0.0,0.0,0.0,0.0,0.0,0.0,0.0,0.0,0.0,0.0,0.0,0.0,0.0,0.0,0.0,0.0,0.0,0.08892921960072596,0.0,0.0,0.0,0.013611615245009074,0.0018148820326678765,0.0,0.0018148820326678765,0.0009074410163339383,0.0,0.0,0.0,0.0,0.0,0.045372050816696916,0.0,0.0018148820326678765,0.0,0.0,0.02722323049001815,0.0,0.0,0.0,0.0,0.0018148820326678765,0.0,0.0,0.0,0.007259528130671506,0.0,0.0018148820326678765,0.0,0.0,0.0,0.0,0.0,0.016333938294010888,0.012704174228675136,0.0,0.0,0.0,0.0,0.0,0.0,0.0,0.0,0.0009074410163339383,0.0,0.0,0.0,0,0,0,0,0,0
2294,1345,5.249782040104621,6.904089219330855,0.0,0.0,0.0,0.0,0.0,0.0,0.0,0.0,0.0,0.0,0.0,0.0,0.0,0.0,0.0,0.0,0.0,0.0,0.0,0.0,0.0,0.0,0.0,0.0,0.0,0.0,0.0,0.0,0.0,0.0,0.0,0.0,0.0,0.0,0.0,0.0,0.0,0.0,0.0,0.0,0.0,0.0,0.0,0.0,0.0,0.0,0.0,0.0,0.0,0.0,0.00043591979075850045,0.0,0.0,0.0,0.0,0.0,0.0,0.0,0.0,0.0,0.0,0.08108108108108109,0.0,0.0,0.0,0.012205754141238012,0.0,0.0,0.00043591979075850045,0.00043591979075850045,0.0,0.0,0.0,0.0,0.0,0.05754141238012206,0.00043591979075850045,0.005666957279860506,0.0,0.0,0.03443766346992153,0.00043591979075850045,0.0,0.002179598953792502,0.0,0.0013077593722755014,0.0,0.0,0.0,0.0013077593722755014,0.0,0.0017436791630340018,0.0,0.0,0.0,0.0,0.0,0.021795989537925022,0.0074106364428945075,0.0,0.0,0.0,0.0,0.0,0.0,0.0,0.0,0.00043591979075850045,0.0,0.0,0.0,0,0,0,0,0,0
2297,1228,4.672616456247279,6.342833876221499,0.0,0.0,0.0,0.0,0.0,0.0,0.0,0.0,0.0,0.0,0.0,0.0,0.0,0.0,0.0,0.0,0.0,0.0,0.0,0.0,0.0,0.0,0.0,0.0,0.0,0.0,0.0,0.0,0.0,0.0,0.0,0.0,0.0,0.0,0.0,0.0,0.0,0.0,0.0,0.0,0.0,0.0,0.0,0.0,0.0,0.00043535045711797995,0.0,0.0,0.0,0.0,0.0,0.00043535045711797995,0.0,0.00043535045711797995,0.0,0.0,0.0,0.0,0.0,0.0,0.0,0.08315193730953417,0.0,0.0,0.0,0.01828471919895516,0.0017414018284719198,0.00043535045711797995,0.00261210274270788,0.00043535045711797995,0.0,0.0,0.0,0.0,0.0,0.04919460165433174,0.0,0.0008707009142359599,0.0,0.0,0.04092294296909012,0.015237265999129298,0.0,0.00130605137135394,0.0,0.00261210274270788,0.0,0.0,0.0,0.0043535045711798,0.0,0.0030474531998258597,0.0,0.0,0.0,0.0,0.0,0.011319111885067479,0.012189812799303439,0.0,0.0,0.0,0.0,0.0,0.0,0.0,0.0,0.0,0.0,0.0,0.0,0,0,0,0,0,0
697,339,4.680057388809182,6.3952802359882,0.0,0.0,0.0,0.0,0.0,0.0,0.0,0.0,0.0,0.0,0.0,0.0,0.0,0.0,0.0,0.0,0.0,0.0,0.0,0.0,0.0,0.0,0.0,0.0,0.0,0.0,0.0,0.0,0.0,0.0,0.0,0.0,0.0,0.0,0.0,0.0,0.0,0.0,0.0,0.0,0.0,0.0,0.0014347202295552368,0.0,0.0,0.0,0.0,0.0014347202295552368,0.0,0.0,0.0,0.0,0.0,0.0,0.0,0.0,0.0,0.0,0.0,0.0,0.0,0.13486370157819225,0.0,0.0,0.0,0.011477761836441894,0.0028694404591104736,0.0,0.00430416068866571,0.0,0.0,0.0,0.0,0.0,0.0,0.035868005738880916,0.0,0.007173601147776184,0.0,0.0,0.027259684361549498,0.0,0.0,0.0,0.0,0.00430416068866571,0.0,0.0,0.0,0.014347202295552367,0.0,0.0,0.0,0.0,0.0,0.0,0.0,0.02295552367288379,0.024390243902439025,0.0,0.0,0.0,0.0,0.0,0.0,0.0,0.0,0.0014347202295552368,0.0,0.0,0.0,0,0,0,0,0,0
764,348,4.193717277486911,5.7298850574712645,0.0,0.0,0.0,0.0,0.0,0.0,0.0,0.0,0.0,0.0,0.0,0.0,0.0,0.0,0.0,0.0,0.0,0.0,0.0,0.0,0.0,0.0,0.0,0.0,0.0,0.0,0.0,0.0,0.0,0.0,0.0,0.0,0.0,0.0,0.0,0.0,0.0,0.0,0.0,0.0,0.0,0.0,0.0,0.0,0.0,0.0,0.005235602094240838,0.0,0.0,0.0,0.0,0.0,0.0,0.0,0.0,0.0,0.0,0.0,0.0,0.0,0.0,0.15968586387434555,0.0,0.0,0.0,0.005235602094240838,0.0,0.0,0.013089005235602094,0.0,0.0,0.0,0.0,0.0,0.0,0.032722513089005235,0.0,0.003926701570680628,0.0,0.0,0.03926701570680628,0.0,0.0,0.0,0.0,0.002617801047120419,0.0,0.0,0.0,0.006544502617801047,0.0,0.002617801047120419,0.0,0.0,0.0,0.0,0.0,0.020942408376963352,0.009162303664921465,0.0,0.0,0.0,0.0,0.0,0.0,0.0,0.0,0.002617801047120419,0.0,0.0,0.0,0,0,0,0,0,0
1950,952,4.230769230769231,5.564075630252101,0.0,0.0,0.0,0.0,0.0,0.0,0.0,0.0,0.0,0.0,0.0,0.0,0.0,0.0,0.0,0.0,0.0,0.0,0.0,0.0,0.0,0.0,0.0,0.0,0.0,0.0,0.0,0.0,0.0,0.0,0.0,0.0,0.0,0.0,0.0,0.0,0.0,0.0,0.0,0.0015384615384615385,0.0,0.0,0.0005128205128205128,0.0,0.0,0.0,0.0,0.0,0.0,0.0,0.0005128205128205128,0.0,0.0005128205128205128,0.0,0.0,0.0,0.0,0.0,0.0,0.0,0.0,0.16256410256410256,0.0,0.0,0.0,0.012307692307692308,0.0010256410256410256,0.0,0.006666666666666667,0.0005128205128205128,0.0,0.0,0.0,0.0,0.0,0.029743589743589743,0.0,0.0020512820512820513,0.0,0.0,0.022564102564102566,0.0010256410256410256,0.0,0.0,0.0,0.0,0.0,0.0,0.0,0.007692307692307693,0.0,0.006153846153846154,0.0,0.0,0.0,0.0,0.0,0.014871794871794871,0.010769230769230769,0.0,0.0,0.0,0.0,0.0,0.0,0.0,0.0,0.003076923076923077,0.0,0.0,0.0,0,0,0,0,0,0
1812,932,4.77373068432671,6.510729613733906,0.0,0.0,0.0,0.0,0.0,0.0,0.0,0.0,0.0,0.0,0.0,0.0,0.0,0.0,0.0,0.0,0.0,0.0,0.0,0.0,0.0,0.0,0.0,0.0,0.0,0.0,0.0,0.0,0.0,0.0,0.0,0.0,0.0,0.0,0.0,0.0,0.0,0.0,0.0,0.0,0.0,0.0,0.0,0.0,0.0,0.0,0.0,0.0,0.0,0.0011037527593818985,0.0005518763796909492,0.0,0.0,0.0,0.0,0.0,0.0,0.0,0.0,0.0,0.0,0.1401766004415011,0.0,0.0005518763796909492,0.0,0.017660044150110375,0.011589403973509934,0.0,0.0,0.0,0.0,0.0,0.0,0.0,0.0,0.024834437086092714,0.0016556291390728477,0.0005518763796909492,0.0,0.0,0.02869757174392936,0.0027593818984547464,0.0,0.002207505518763797,0.0,0.0,0.0,0.0,0.0,0.011037527593818985,0.0,0.002207505518763797,0.0,0.0,0.0,0.0,0.0,0.02704194260485651,0.011589403973509934,0.0,0.0011037527593818985,0.0,0.0,0.0,0.0,0.0,0.0,0.002207505518763797,0.0,0.0,0.0,0,0,0,0,0,0
567,303,4.5132275132275135,5.805280528052806,0.0,0.0,0.0,0.0,0.0,0.0,0.0,0.0,0.0,0.0,0.0,0.0,0.0,0.0,0.0,0.0,0.0,0.0,0.0,0.0,0.0,0.0,0.0,0.0,0.0,0.0,0.0,0.0,0.0,0.0,0.0,0.0,0.0,0.0,0.0,0.0,0.0,0.0,0.0,0.0,0.0,0.0,0.0,0.0,0.0,0.0,0.0,0.0,0.0,0.0,0.0,0.0,0.0,0.0,0.0,0.0,0.0,0.0,0.0,0.0,0.0,0.1164021164021164,0.0,0.0,0.0,0.010582010582010581,0.0,0.0,0.001763668430335097,0.0,0.0,0.0,0.0,0.0,0.0,0.024691358024691357,0.0,0.001763668430335097,0.0,0.0,0.021164021164021163,0.0,0.0,0.0,0.0,0.0,0.0,0.0,0.0,0.02292768959435626,0.0,0.007054673721340388,0.0,0.0,0.0,0.0,0.0,0.024691358024691357,0.010582010582010581,0.0,0.0,0.0,0.0,0.0,0.0,0.0,0.0,0.0,0.0,0.0,0.0,0,0,0,0,0,0
569,295,4.854130052724077,6.454237288135594,0.0,0.0,0.0,0.0,0.0,0.0,0.0,0.0,0.0,0.0,0.0,0.0,0.0,0.0,0.0,0.0,0.0,0.0,0.0,0.0,0.0,0.0,0.0,0.0,0.0,0.0,0.0,0.0,0.0,0.0,0.0,0.0,0.0,0.0,0.0,0.0,0.0,0.0,0.0,0.0,0.0,0.0,0.0,0.0,0.0,0.0,0.0,0.0,0.0,0.0,0.0,0.0,0.0,0.0,0.0,0.0,0.0,0.0,0.0,0.0,0.0,0.18629173989455183,0.0,0.0,0.0,0.026362038664323375,0.0,0.0,0.0,0.0,0.0,0.0,0.0,0.0,0.0,0.043936731107205626,0.0,0.0,0.0,0.0,0.026362038664323375,0.0017574692442882249,0.0,0.0,0.0,0.0017574692442882249,0.0,0.0,0.0,0.01757469244288225,0.0,0.0035149384885764497,0.0,0.0,0.0,0.0,0.0,0.026362038664323375,0.01757469244288225,0.0,0.0,0.0,0.0,0.0,0.0,0.0,0.0,0.0,0.0,0.0,0.0,0,0,0,0,0,0
3646,1844,4.698299506308283,6.420281995661605,0.0,0.0,0.0,0.0,0.0,0.0,0.0,0.0,0.0,0.0,0.0,0.0,0.0,0.0,0.0,0.0,0.0,0.0,0.0,0.0,0.0,0.0,0.0,0.0,0.0,0.0,0.0,0.0,0.0,0.0,0.0,0.0,0.0,0.0,0.0,0.0,0.0,0.0,0.0,0.0005485463521667581,0.0,0.00027427317608337906,0.0,0.0,0.00027427317608337906,0.00027427317608337906,0.00027427317608337906,0.0,0.0,0.0,0.0005485463521667581,0.0,0.0,0.00027427317608337906,0.0,0.0,0.0,0.0,0.0,0.0,0.0,0.13768513439385627,0.0,0.0,0.0,0.009325287986834888,0.0005485463521667581,0.0,0.0013713658804168952,0.0,0.0,0.0,0.0,0.0,0.0,0.048546352166758094,0.0,0.0038398244651673065,0.0,0.0,0.019199122325836534,0.004936917169500823,0.0,0.0024684585847504115,0.00027427317608337906,0.0016456390565002743,0.0,0.0,0.0,0.007131102578167855,0.0,0.0016456390565002743,0.0,0.0,0.0,0.0,0.0,0.026604498080087767,0.015085024684585847,0.0,0.0,0.0,0.0,0.0,0.00027427317608337906,0.0,0.0,0.0021941854086670325,0.0008228195282501371,0.0,0.00027427317608337906,0,0,0,0,0,0
1318,660,4.8399089529590285,6.571212121212121,0.0,0.0,0.0,0.0,0.0,0.0,0.0,0.0,0.0,0.0,0.0,0.0,0.0,0.0,0.0,0.0,0.0,0.0,0.0,0.0,0.0,0.0,0.0,0.0,0.0,0.0,0.0,0.0,0.0,0.0,0.0,0.0,0.0,0.0,0.0,0.0,0.0,0.0,0.0,0.0,0.0,0.0,0.0,0.0,0.0,0.0,0.0,0.0,0.0,0.0,0.0,0.0,0.0,0.0,0.0,0.0,0.0,0.0,0.0,0.0,0.0,0.13125948406676782,0.0,0.0,0.0,0.009104704097116844,0.0030349013657056147,0.0,0.0015174506828528073,0.0,0.0,0.0,0.0,0.0,0.0,0.05007587253414264,0.0,0.0030349013657056147,0.0,0.0,0.02276176024279211,0.0037936267071320183,0.0,0.0007587253414264037,0.0,0.0007587253414264037,0.0,0.0,0.0,0.02276176024279211,0.0,0.005311077389984826,0.0,0.0,0.0,0.0,0.0,0.03793626707132018,0.015174506828528073,0.0,0.0,0.0,0.0,0.0,0.0,0.0,0.0,0.0007587253414264037,0.0,0.0,0.0,0,0,0,0,0,0
1004,496,4.690239043824701,6.560483870967742,0.0,0.0,0.0,0.0,0.0,0.0,0.0,0.0,0.0,0.0,0.0,0.0,0.0,0.0,0.0,0.0,0.0,0.0,0.0,0.0,0.0,0.0,0.0,0.0,0.0,0.0,0.0,0.0,0.0,0.0,0.0,0.0,0.0,0.0,0.0,0.0,0.0,0.0,0.0,0.00099601593625498,0.0,0.0,0.0,0.0,0.0,0.0,0.0,0.0,0.0,0.0,0.00099601593625498,0.0,0.0,0.0,0.0,0.0,0.0,0.0,0.0,0.0,0.0,0.13745019920318724,0.0,0.0,0.0,0.00298804780876494,0.0,0.0,0.00099601593625498,0.0,0.0,0.0,0.0,0.0,0.0,0.0348605577689243,0.0,0.00398406374501992,0.0,0.0,0.030876494023904383,0.0,0.0,0.0,0.0,0.00199203187250996,0.0,0.0,0.0,0.00597609561752988,0.0,0.00597609561752988,0.0,0.0,0.0,0.0,0.0,0.027888446215139442,0.014940239043824702,0.0,0.0,0.0,0.0,0.0,0.0,0.0,0.0,0.00298804780876494,0.0,0.0,0.0,0,0,0,0,0,0
5650,2762,4.5550442477876105,6.306299782766112,0.0,0.0,0.0,0.0,0.0,0.0,0.0,0.0,0.0,0.0,0.0,0.0,0.0,0.0,0.0,0.0,0.0,0.0,0.0,0.0,0.0,0.0,0.0,0.0,0.0,0.0,0.0,0.0,0.0,0.0,0.0,0.0,0.0,0.0,0.0,0.0,0.0,0.0,0.0,0.0,0.0,0.0,0.0,0.0,0.0,0.0,0.0,0.00017699115044247788,0.0,0.0,0.0,0.0,0.00035398230088495576,0.0,0.00017699115044247788,0.0,0.0,0.0,0.0,0.0,0.0,0.1279646017699115,0.0,0.0,0.0,0.012920353982300885,0.0021238938053097347,0.0,0.003008849557522124,0.0007079646017699115,0.0,0.0,0.0,0.0,0.0,0.04654867256637168,0.0,0.001592920353982301,0.00035398230088495576,0.0,0.02495575221238938,0.0,0.0,0.0017699115044247787,0.0005309734513274337,0.0007079646017699115,0.0,0.0,0.0,0.0033628318584070795,0.0,0.004778761061946903,0.0,0.0,0.0,0.0,0.0,0.02247787610619469,0.019646017699115045,0.0,0.0,0.0,0.0,0.00017699115044247788,0.00017699115044247788,0.0,0.0,0.00035398230088495576,0.0,0.0,0.0,0,0,0,0,0,0
6977,3541,5.010319621613874,7.141767862185823,0.0,0.0,0.0,0.0,0.0,0.0,0.0,0.0,0.0,0.0,0.0,0.0,0.0,0.0,0.0,0.0,0.0,0.0,0.0,0.0,0.0,0.0,0.0,0.0,0.0,0.0,0.0,0.0,0.0,0.0,0.0,0.0,0.0,0.0,0.0,0.0,0.0,0.0,0.0,0.0,0.0,0.0,0.0,0.0,0.0,0.0,0.0,0.0,0.0,0.0,0.0,0.00014332807797047442,0.00014332807797047442,0.0,0.00014332807797047442,0.0,0.0,0.0,0.0,0.0,0.0,0.10262290382685968,0.0,0.0,0.0,0.011609574315608428,0.0007166403898523721,0.0004299842339114232,0.0007166403898523721,0.0005733123118818977,0.0,0.0,0.0,0.0,0.0,0.06134441737136305,0.0,0.006736419664612298,0.0004299842339114232,0.0,0.035258707180736704,0.002006593091586642,0.0,0.001003296545793321,0.00014332807797047442,0.0012899527017342697,0.0,0.0,0.0,0.003439873871291386,0.0,0.002149921169557116,0.0,0.0,0.0,0.0,0.0,0.0184893220581912,0.011466246237637954,0.0,0.0,0.0,0.0,0.0,0.0,0.0,0.0,0.0014332807797047442,0.0,0.0,0.0,0,0,0,0,0,0
510,291,5.233333333333333,7.054982817869416,0.0,0.0,0.0,0.0,0.0,0.0,0.0,0.0,0.0,0.0,0.0,0.0,0.0,0.0,0.0,0.0,0.0,0.0,0.0,0.0,0.0,0.0,0.0,0.0,0.0,0.0,0.0,0.0,0.0,0.0,0.0,0.0,0.0,0.0,0.0,0.0,0.0,0.0,0.0,0.0,0.0,0.0,0.0,0.0,0.0,0.0,0.0,0.0,0.0,0.0,0.0,0.0,0.0,0.0,0.0,0.0,0.0,0.0,0.0,0.0,0.0,0.08235294117647059,0.0,0.0,0.0,0.0058823529411764705,0.00196078431372549,0.0,0.0,0.0,0.0,0.0,0.0,0.0,0.0,0.03137254901960784,0.0,0.0,0.0,0.0,0.027450980392156862,0.0,0.0,0.0,0.0,0.00196078431372549,0.0,0.0,0.0,0.00196078431372549,0.0,0.0,0.0,0.0,0.0,0.0,0.0,0.01764705882352941,0.00980392156862745,0.0,0.0,0.0,0.0,0.0,0.0,0.0,0.0,0.0,0.0,0.0,0.0,0,0,0,0,0,0
289,162,4.840830449826989,6.228395061728395,0.0,0.0,0.0,0.0,0.0,0.0,0.0,0.0,0.0,0.0,0.0,0.0,0.0,0.0,0.0,0.0,0.0,0.0,0.0,0.0,0.0,0.0,0.0,0.0,0.0,0.0,0.0,0.0,0.0,0.0,0.0,0.0,0.0,0.0,0.0,0.0,0.0,0.0,0.0,0.0,0.0,0.0,0.0,0.0,0.0,0.0,0.0,0.0,0.0,0.0,0.0,0.0,0.0,0.0,0.0,0.0,0.0,0.0,0.0,0.0,0.0,0.17647058823529413,0.0,0.0,0.0,0.02768166089965398,0.0034602076124567475,0.0,0.0,0.0,0.0,0.0,0.0,0.0,0.0,0.03460207612456748,0.0,0.0034602076124567475,0.0,0.0,0.01730103806228374,0.0,0.0,0.0,0.0,0.0,0.0,0.0,0.0,0.020761245674740483,0.0,0.006920415224913495,0.0,0.0,0.0,0.0,0.0,0.02422145328719723,0.0,0.0,0.0,0.0,0.0,0.0,0.0,0.0,0.0,0.0,0.0,0.0,0.0,0,0,0,0,0,0
640,381,4.74375,5.942257217847769,0.0,0.0,0.0,0.0,0.0,0.0,0.0,0.0,0.0,0.0,0.0,0.0,0.0,0.0,0.0,0.0,0.0,0.0,0.0,0.0,0.0,0.0,0.0,0.0,0.0,0.0,0.0,0.0,0.0,0.0,0.0,0.0,0.0,0.0,0.0,0.0,0.0,0.0,0.0,0.0,0.0,0.0,0.0,0.0,0.0,0.0,0.0,0.0,0.0,0.0,0.0,0.0,0.0,0.0,0.0,0.0,0.0,0.0,0.0,0.0,0.0,0.1109375,0.0,0.0,0.0,0.015625,0.003125,0.0,0.0046875,0.0,0.0,0.0,0.0,0.0,0.0,0.0265625,0.0,0.003125,0.0015625,0.0,0.015625,0.003125,0.0,0.0,0.0,0.0,0.0,0.0,0.0,0.0015625,0.0,0.0015625,0.0,0.0,0.0,0.0,0.0,0.0234375,0.00625,0.0,0.0,0.0,0.0,0.0,0.0,0.0,0.0,0.0,0.0,0.0,0.0,0,0,0,0,0,0
554,324,4.682310469314079,5.95679012345679,0.0,0.0,0.0,0.0,0.0,0.0,0.0,0.0,0.0,0.0,0.0,0.0,0.0,0.0,0.0,0.0,0.0,0.0,0.0,0.0,0.0,0.0,0.0,0.0,0.0,0.0,0.0,0.0,0.0,0.0,0.0,0.0,0.0,0.0,0.0,0.0,0.0,0.0,0.0,0.0,0.0,0.0,0.0,0.0,0.0,0.0,0.0,0.0,0.0,0.0,0.0,0.0,0.0,0.0,0.0,0.0,0.0,0.0,0.0,0.0,0.0,0.15703971119133575,0.0,0.0,0.0,0.007220216606498195,0.0,0.0,0.0,0.0,0.0,0.0,0.0,0.0,0.0,0.04151624548736462,0.0,0.0036101083032490976,0.0018050541516245488,0.0,0.007220216606498195,0.0036101083032490976,0.0,0.0018050541516245488,0.0,0.0,0.0,0.0,0.0,0.010830324909747292,0.0,0.009025270758122744,0.0,0.0,0.0,0.0,0.0,0.016245487364620937,0.010830324909747292,0.0,0.0,0.0,0.0,0.0,0.0,0.0,0.0,0.0,0.0,0.0,0.0,0,0,0,0,0,0
1127,612,4.5563442768411715,5.898692810457517,0.0,0.0,0.0,0.0,0.0,0.0,0.0,0.0,0.0,0.0,0.0,0.0,0.0,0.0,0.0,0.0,0.0,0.0,0.0,0.0,0.0,0.0,0.0,0.0,0.0,0.0,0.0,0.0,0.0,0.0,0.0,0.0,0.0,0.0,0.0,0.0,0.0,0.0,0.0,0.0,0.0,0.0,0.0,0.0,0.0,0.0,0.0,0.0008873114463176575,0.0,0.0,0.0,0.0,0.0,0.0,0.0,0.0,0.0,0.0,0.0,0.0,0.0,0.15084294587400177,0.0,0.0,0.0,0.008873114463176575,0.005323868677905945,0.0,0.0008873114463176575,0.0,0.0,0.0,0.0,0.0,0.0,0.024844720496894408,0.0,0.0026619343389529724,0.0,0.0,0.015971606033717833,0.0008873114463176575,0.0,0.0,0.0,0.001774622892635315,0.0,0.0,0.0,0.013309671694764862,0.0,0.005323868677905945,0.0,0.0,0.0,0.0,0.0,0.019520851818988466,0.012422360248447204,0.0,0.0,0.0,0.0,0.0,0.0,0.0,0.0,0.0026619343389529724,0.0,0.0,0.0,0,0,0,0,0,0
586,334,4.82764505119454,6.218562874251497,0.0,0.0,0.0,0.0,0.0,0.0,0.0,0.0,0.0,0.0,0.0,0.0,0.0,0.0,0.0,0.0,0.0,0.0,0.0,0.0,0.0,0.0,0.0,0.0,0.0,0.0,0.0,0.0,0.0,0.0,0.0,0.0,0.0,0.0,0.0,0.0,0.0,0.0,0.0,0.0,0.0,0.0,0.0,0.0,0.0,0.0,0.0,0.0,0.0,0.0,0.0,0.0,0.0,0.0,0.0,0.0,0.0,0.0,0.0,0.0,0.0,0.1296928327645051,0.0,0.0,0.0,0.011945392491467578,0.0034129692832764505,0.0,0.0017064846416382253,0.0,0.0,0.0,0.0,0.0,0.0,0.030716723549488054,0.0,0.0017064846416382253,0.0,0.0,0.025597269624573378,0.0,0.0,0.0,0.0,0.0,0.0,0.0,0.0,0.017064846416382253,0.0,0.008532423208191127,0.0,0.0,0.0,0.0,0.0,0.015358361774744027,0.008532423208191127,0.0,0.0,0.0,0.0,0.0,0.0,0.0,0.0,0.0,0.0,0.0,0.0,0,0,0,0,0,0
1498,812,4.4092122830440585,5.669950738916256,0.0,0.0,0.0,0.0,0.0,0.0,0.0,0.0,0.0,0.0,0.0,0.0,0.0,0.0,0.0,0.0,0.0,0.0,0.0,0.0,0.0,0.0,0.0,0.0,0.0,0.0,0.0,0.0,0.0,0.0,0.0,0.0,0.0,0.0,0.0,0.0,0.0,0.0,0.0,0.0,0.0,0.0,0.0,0.0,0.0,0.0,0.0,0.0,0.0,0.0,0.0,0.0,0.0,0.0,0.0,0.0,0.0,0.0,0.0,0.0,0.0,0.1295060080106809,0.0,0.0,0.0,0.006675567423230975,0.0013351134846461949,0.0,0.014018691588785047,0.0,0.0,0.0,0.0,0.0,0.0,0.024699599465954607,0.0,0.0013351134846461949,0.0,0.0,0.020026702269692925,0.004005340453938585,0.0,0.0006675567423230974,0.0,0.0013351134846461949,0.0,0.0,0.0,0.006008010680907877,0.0,0.011348464619492658,0.0,0.0,0.0,0.0,0.0,0.021361815754339118,0.007343124165554072,0.0,0.0,0.0,0.0,0.0,0.0,0.0,0.0,0.0,0.0,0.0,0.0,0,0,0,0,0,0
1912,857,4.328451882845188,5.896149358226371,0.0,0.0,0.0,0.0,0.0,0.0,0.0,0.0,0.0,0.0,0.0,0.0,0.0,0.0,0.0,0.0,0.0,0.0,0.0,0.0,0.0,0.0,0.0,0.0,0.0,0.0,0.0,0.0,0.0,0.0,0.0,0.0,0.0,0.0,0.0,0.0,0.0,0.0,0.0,0.0,0.0,0.0,0.0,0.0005230125523012552,0.0,0.0005230125523012552,0.0,0.0,0.0,0.0005230125523012552,0.0005230125523012552,0.0005230125523012552,0.0015690376569037657,0.0005230125523012552,0.0005230125523012552,0.0,0.0,0.0,0.0,0.0,0.0,0.11506276150627615,0.0,0.0,0.0,0.016736401673640166,0.002615062761506276,0.0,0.0005230125523012552,0.0,0.0,0.0,0.0,0.0,0.0,0.03085774058577406,0.0,0.0036610878661087866,0.0005230125523012552,0.0,0.028765690376569036,0.0015690376569037657,0.0,0.0010460251046025104,0.0005230125523012552,0.0,0.0,0.0,0.0,0.00993723849372385,0.0,0.006799163179916318,0.0,0.0,0.0,0.0,0.0,0.028242677824267783,0.015167364016736401,0.0,0.0,0.0,0.0,0.0,0.0005230125523012552,0.0,0.0,0.01882845188284519,0.0010460251046025104,0.0,0.0005230125523012552,0,0,0,0,0,0
534,253,4.370786516853933,5.976284584980237,0.0,0.0,0.0,0.0,0.0,0.0,0.0,0.0,0.0,0.0,0.0,0.0,0.0,0.0,0.0,0.0,0.0,0.0,0.0,0.0,0.0,0.0,0.0,0.0,0.0,0.0,0.0,0.0,0.0,0.0,0.0,0.0,0.0,0.0,0.0,0.0,0.0,0.0,0.0,0.0,0.0,0.0,0.0,0.0,0.0,0.0,0.0,0.0,0.0,0.0,0.0,0.0,0.0,0.0,0.0,0.0,0.0,0.0,0.0,0.0,0.0,0.15355805243445692,0.0,0.0,0.0,0.00749063670411985,0.0,0.0,0.0,0.0,0.0,0.0,0.0,0.0,0.0,0.04119850187265917,0.0,0.0056179775280898875,0.0,0.0,0.024344569288389514,0.0,0.0,0.0,0.0,0.0018726591760299626,0.0,0.0,0.0,0.009363295880149813,0.0,0.0056179775280898875,0.0,0.0,0.0,0.0,0.0,0.018726591760299626,0.011235955056179775,0.0,0.0,0.0,0.0,0.0,0.0,0.0,0.0,0.0,0.0,0.0,0.0,0,0,0,0,0,0
1465,693,4.268941979522184,5.483405483405483,0.0,0.0,0.0,0.0,0.0,0.0,0.0,0.0,0.0,0.0,0.0,0.0,0.0,0.0,0.0,0.0,0.0,0.0,0.0,0.0,0.0,0.0,0.0,0.0,0.0,0.0,0.0,0.0,0.0,0.0,0.0,0.0,0.0,0.0,0.0,0.0,0.0,0.0,0.0,0.0,0.0,0.0,0.0,0.0,0.0,0.0006825938566552901,0.0,0.0,0.0,0.0,0.0,0.0,0.0,0.0,0.0006825938566552901,0.0,0.0,0.0,0.0,0.0,0.0,0.16177474402730374,0.0,0.0,0.0,0.015699658703071672,0.0020477815699658703,0.0,0.0034129692832764505,0.0,0.0,0.0,0.0,0.0,0.0,0.020477815699658702,0.0,0.0013651877133105802,0.0006825938566552901,0.0,0.020477815699658702,0.0061433447098976105,0.0,0.0,0.0,0.0020477815699658703,0.0,0.0,0.0,0.008873720136518772,0.0,0.014334470989761093,0.0,0.0,0.0,0.0,0.0,0.030034129692832763,0.00955631399317406,0.0,0.0,0.0,0.0,0.0,0.0,0.0,0.0,0.0034129692832764505,0.0,0.0,0.0,0,0,0,0,0,0
2076,1042,4.407032755298651,5.945297504798464,0.0,0.0,0.0,0.0,0.0,0.0,0.0,0.0,0.0,0.0,0.0,0.0,0.0,0.0,0.0,0.0,0.0,0.0,0.0,0.0,0.0,0.0,0.0,0.0,0.0,0.0,0.0,0.0,0.0,0.0,0.0,0.0,0.0,0.0,0.0,0.0,0.0,0.0,0.0,0.0004816955684007707,0.0,0.0,0.0,0.0,0.0004816955684007707,0.0004816955684007707,0.0009633911368015414,0.0,0.0,0.0009633911368015414,0.0004816955684007707,0.0004816955684007707,0.0,0.0,0.0,0.0,0.0,0.0,0.0,0.0,0.0,0.09296724470134875,0.0,0.0,0.0,0.012524084778420038,0.002890173410404624,0.0,0.0,0.0,0.0,0.0,0.0,0.0,0.0,0.038053949903660886,0.0024084778420038534,0.0004816955684007707,0.0,0.0,0.029865125240847785,0.010115606936416185,0.0,0.0009633911368015414,0.0004816955684007707,0.0004816955684007707,0.0,0.0,0.0,0.0052986512524084775,0.0,0.002890173410404624,0.0,0.0004816955684007707,0.0,0.0009633911368015414,0.0,0.0197495183044316,0.01878612716763006,0.0019267822736030828,0.0,0.0,0.0,0.0,0.0,0.0004816955684007707,0.0,0.001445086705202312,0.0,0.0,0.0,0,0,0,0,0,0
4285,2184,4.658576429404901,6.2344322344322345,0.0,0.0,0.0,0.0,0.0,0.0,0.0,0.0,0.0,0.0,0.0,0.0,0.0,0.0,0.0,0.0,0.0,0.0,0.0,0.0,0.0,0.0,0.0,0.0,0.0,0.0,0.0,0.0,0.0,0.0,0.0,0.0,0.0,0.0,0.0,0.0,0.0,0.0,0.0,0.0,0.0,0.00023337222870478414,0.0,0.0,0.0,0.0,0.0,0.0,0.0,0.0,0.0,0.00023337222870478414,0.0,0.0,0.0,0.0,0.0,0.0,0.0,0.0,0.0,0.14282380396732788,0.0,0.0,0.00023337222870478414,0.011435239206534423,0.001633605600933489,0.0,0.0028004667444574095,0.0004667444574095683,0.0,0.0,0.0,0.0,0.0,0.034072345390898484,0.0,0.0021003500583430573,0.0,0.0,0.017036172695449242,0.0011668611435239206,0.0,0.0009334889148191366,0.0004667444574095683,0.0009334889148191366,0.0,0.0,0.0,0.010501750291715286,0.0,0.008634772462077013,0.0,0.0,0.0,0.0,0.0,0.02147024504084014,0.010501750291715286,0.0,0.0,0.0,0.0,0.0,0.0,0.0,0.0,0.0,0.0,0.0,0.0,0,0,0,0,0,0
645,361,4.401550387596899,5.45983379501385,0.0,0.0,0.0,0.0,0.0,0.0,0.0,0.0,0.0,0.0,0.0,0.0,0.0,0.0,0.0,0.0,0.0,0.0,0.0,0.0,0.0,0.0,0.0,0.0,0.0,0.0,0.0,0.0,0.0,0.0,0.0,0.0,0.0,0.0,0.0,0.0,0.0,0.0,0.0,0.0,0.0,0.0,0.0,0.0,0.0,0.0,0.0,0.0,0.0,0.0,0.0,0.0,0.0,0.0,0.0,0.0,0.0,0.0,0.0,0.0,0.0,0.12713178294573643,0.0,0.0,0.0,0.015503875968992248,0.0,0.0,0.010852713178294573,0.004651162790697674,0.0,0.0,0.0,0.0,0.0,0.024806201550387597,0.0,0.0015503875968992248,0.0,0.0,0.021705426356589147,0.0015503875968992248,0.0,0.0,0.0,0.0,0.0,0.0,0.0,0.0031007751937984496,0.0,0.0031007751937984496,0.0,0.0,0.0,0.0,0.0,0.020155038759689922,0.013953488372093023,0.0,0.0,0.0,0.0,0.0,0.0,0.0,0.0,0.0,0.0,0.0,0.0,0,0,0,0,0,0
518,276,4.754826254826255,6.3731884057971016,0.0,0.0,0.0,0.0,0.0,0.0,0.0,0.0,0.0,0.0,0.0,0.0,0.0,0.0,0.0,0.0,0.0,0.0,0.0,0.0,0.0,0.0,0.0,0.0,0.0,0.0,0.0,0.0,0.0,0.0,0.0,0.0,0.0,0.0,0.0,0.0,0.0,0.0,0.0,0.0,0.0,0.0,0.0,0.0,0.0,0.0,0.0019305019305019305,0.0,0.0,0.0019305019305019305,0.0,0.0,0.0,0.0,0.0,0.0,0.0,0.0,0.0,0.0,0.0,0.11196911196911197,0.0,0.0,0.0,0.013513513513513514,0.0019305019305019305,0.0,0.0,0.0,0.0,0.0,0.0,0.0,0.0,0.03474903474903475,0.0,0.0,0.0,0.0,0.019305019305019305,0.0,0.0,0.0,0.0,0.0,0.0,0.0,0.0,0.003861003861003861,0.0,0.0,0.0,0.0,0.0,0.0,0.0,0.011583011583011582,0.011583011583011582,0.0,0.0,0.0,0.0,0.0,0.0,0.0,0.0,0.007722007722007722,0.0,0.0,0.0,0,0,0,0,0,0
2437,1282,4.746409519901518,6.471138845553822,0.0,0.0,0.0,0.0,0.0,0.0,0.0,0.0,0.0,0.0,0.0,0.0,0.0,0.0,0.0,0.0,0.0,0.0,0.0,0.0,0.0,0.0,0.0,0.0,0.0,0.0,0.0,0.0,0.0,0.0,0.0,0.0,0.0,0.0,0.0,0.0,0.0,0.0,0.0,0.0,0.0,0.0,0.0,0.0,0.0,0.0004103405826836274,0.0,0.0008206811653672548,0.0004103405826836274,0.0,0.0,0.0008206811653672548,0.0,0.0,0.0,0.0,0.0,0.0,0.0,0.0,0.0,0.11694706606483381,0.0,0.0,0.0,0.02215839146491588,0.0036930652441526466,0.0012310217480508822,0.0,0.0,0.0,0.0,0.0,0.0,0.0,0.03939269593762823,0.0,0.0012310217480508822,0.0,0.0,0.03282724661469019,0.0008206811653672548,0.0,0.0016413623307345096,0.0004103405826836274,0.006155108740254411,0.0,0.0,0.0,0.003282724661469019,0.0,0.002872384078785392,0.0,0.0,0.0,0.0,0.0,0.021748050882232254,0.011899876897825195,0.0,0.0,0.0,0.0,0.0,0.0,0.0,0.0,0.0004103405826836274,0.0004103405826836274,0.0,0.0004103405826836274,0,0,0,0,0,0
3330,1754,4.921621621621622,6.82497149372862,0.0,0.0,0.0,0.0,0.0,0.0,0.0,0.0,0.0,0.0,0.0,0.0,0.0,0.0,0.0,0.0,0.0,0.0,0.0,0.0,0.0,0.0,0.0,0.0,0.0,0.0,0.0,0.0,0.0,0.0,0.0,0.0,0.0,0.0,0.0,0.0,0.0,0.0,0.0,0.0,0.0,0.0,0.0,0.0,0.0,0.0003003003003003003,0.0,0.0,0.0003003003003003003,0.0003003003003003003,0.0,0.0,0.0,0.0003003003003003003,0.0,0.0,0.0,0.0,0.0,0.0,0.0,0.1018018018018018,0.0,0.0,0.0,0.011411411411411412,0.0012012012012012011,0.0,0.0006006006006006006,0.0,0.0,0.0,0.0,0.0,0.0,0.04384384384384384,0.0,0.004804804804804805,0.0006006006006006006,0.0,0.02312312312312312,0.0,0.0,0.0003003003003003003,0.0003003003003003003,0.0,0.0,0.0,0.0,0.006306306306306306,0.0,0.002102102102102102,0.0,0.0,0.0,0.0,0.0,0.021021021021021023,0.014114114114114115,0.0,0.0,0.0,0.0,0.0,0.0,0.0,0.0,0.0012012012012012011,0.0,0.0,0.0,0,0,0,0,0,0
1537,770,4.279115159401432,5.718181818181818,0.0,0.0,0.0,0.0,0.0,0.0,0.0,0.0,0.0,0.0,0.0,0.0,0.0,0.0,0.0,0.0,0.0,0.0,0.0,0.0,0.0,0.0,0.0,0.0,0.0,0.0,0.0,0.0,0.0,0.0,0.0,0.0,0.0,0.0,0.0,0.0,0.0,0.0,0.0,0.0,0.0,0.0,0.0,0.0,0.0,0.0,0.0,0.0,0.0,0.0,0.0,0.0,0.0,0.0,0.0,0.0,0.0,0.0,0.0,0.0,0.0,0.1340273259596617,0.0006506180871828237,0.0,0.0,0.026675341574495772,0.015614834092387769,0.0,0.01040988939492518,0.0,0.0,0.0,0.0,0.0,0.0,0.027325959661678594,0.0,0.0006506180871828237,0.0,0.0,0.031229668184775537,0.002602472348731295,0.0,0.0006506180871828237,0.0,0.0006506180871828237,0.0,0.0,0.0,0.0071567989590110605,0.0,0.008458035133376708,0.0,0.0,0.0,0.0,0.0,0.014964216005204945,0.013012361743656473,0.0,0.0,0.0,0.0,0.0,0.0,0.0,0.0,0.0013012361743656475,0.0,0.0,0.0,0,0,0,0,0,0
543,273,4.3406998158379375,5.871794871794871,0.0,0.0,0.0,0.0,0.0,0.0,0.0,0.0,0.0,0.0,0.0,0.0,0.0,0.0,0.0,0.0,0.0,0.0,0.0,0.0,0.0,0.0,0.0,0.0,0.0,0.0,0.0,0.0,0.0,0.0,0.0,0.0,0.0,0.0,0.0,0.0,0.0,0.0,0.0,0.0,0.0,0.0,0.0,0.0,0.0,0.0,0.0,0.0,0.0,0.0,0.0,0.0,0.0,0.0,0.0,0.0,0.0,0.0,0.0,0.0,0.0,0.13627992633517497,0.0,0.0,0.0,0.022099447513812154,0.01289134438305709,0.0,0.01289134438305709,0.0,0.0,0.0,0.0,0.0,0.0,0.027624309392265192,0.0,0.001841620626151013,0.0,0.0,0.03130755064456722,0.003683241252302026,0.0,0.001841620626151013,0.0,0.001841620626151013,0.0,0.0,0.0,0.001841620626151013,0.0,0.0055248618784530384,0.0,0.0,0.0,0.0,0.0,0.01841620626151013,0.011049723756906077,0.0,0.0,0.0,0.0,0.0,0.0,0.0,0.0,0.0,0.0,0.0,0.0,0,0,0,0,0,0
487,244,4.4517453798767965,6.151639344262295,0.0,0.0,0.0,0.0,0.0,0.0,0.0,0.0,0.0,0.0,0.0,0.0,0.0,0.0,0.0,0.0,0.0,0.0,0.0,0.0,0.0,0.0,0.0,0.0,0.0,0.0,0.0,0.0,0.0,0.0,0.0,0.0,0.0,0.0,0.0,0.0,0.0,0.0,0.0,0.0,0.0,0.0,0.0,0.0,0.0,0.0,0.0,0.0,0.0,0.0,0.0,0.0,0.0,0.0,0.002053388090349076,0.0,0.0,0.0,0.0,0.0,0.0,0.09240246406570841,0.0,0.0,0.0,0.026694045174537988,0.014373716632443531,0.0,0.018480492813141684,0.0,0.0,0.0,0.0,0.0,0.0,0.045174537987679675,0.0,0.0,0.0,0.0,0.0513347022587269,0.004106776180698152,0.0,0.0,0.0,0.0,0.0,0.0,0.0,0.002053388090349076,0.0,0.0,0.0,0.0,0.0,0.0,0.0,0.02053388090349076,0.008213552361396304,0.0,0.0,0.0,0.0,0.0,0.0,0.0,0.0,0.004106776180698152,0.0,0.0,0.0,0,0,0,0,0,0
2867,1570,5.017091035926055,6.7375796178343945,0.0,0.0,0.0,0.0,0.0,0.0,0.0,0.0,0.0,0.0,0.0,0.0,0.0,0.0,0.0,0.0,0.0,0.0,0.0,0.0,0.0,0.0,0.0,0.0,0.0,0.0,0.0,0.0,0.0,0.0,0.0,0.0,0.0,0.0,0.0,0.0,0.0,0.0,0.0,0.0,0.0,0.0,0.0,0.0,0.0,0.0,0.0,0.0,0.0,0.0,0.0003487966515521451,0.0,0.0,0.0,0.0,0.0,0.0,0.0,0.0,0.0,0.0,0.13428671084757587,0.0,0.0,0.0,0.010463899546564353,0.0006975933031042902,0.0,0.0,0.0,0.0,0.0,0.0,0.0,0.0,0.048133937914196026,0.0,0.004185559818625741,0.0003487966515521451,0.0,0.020579002441576563,0.023718172305545866,0.0,0.0003487966515521451,0.0,0.0006975933031042902,0.0,0.0,0.0,0.008371119637251482,0.0,0.0038367631670735963,0.0,0.0,0.0,0.0,0.0,0.030345308685036623,0.012905476107429368,0.0,0.0,0.0,0.0,0.0,0.0,0.0,0.0,0.0006975933031042902,0.0,0.0,0.0,0,0,0,0,0,0
3879,1729,4.544728022686259,6.489878542510121,0.0,0.0,0.0,0.0,0.0,0.0,0.0,0.0,0.0,0.0,0.0,0.0,0.0,0.0,0.0,0.0,0.0,0.0,0.0,0.0,0.0,0.0,0.0,0.0,0.0,0.0,0.0,0.0,0.0,0.0,0.0,0.0,0.0,0.0,0.0,0.0,0.0,0.0,0.0,0.0,0.0,0.0,0.0,0.0,0.0,0.0,0.0,0.0,0.0,0.0,0.0002577984016499098,0.0,0.0,0.0,0.0,0.0,0.0,0.0,0.0,0.0,0.0,0.1453982985305491,0.0,0.0,0.0,0.015210105697344677,0.001288992008249549,0.0,0.0005155968032998196,0.0002577984016499098,0.0,0.0,0.0,0.0,0.0,0.03763856664088683,0.0,0.002577984016499098,0.0002577984016499098,0.0002577984016499098,0.026553235369940708,0.005671564836298015,0.0,0.0,0.0,0.0002577984016499098,0.0,0.0,0.0,0.007991750451147204,0.0,0.018303686517143595,0.0,0.0,0.0,0.0,0.0,0.03789636504253674,0.020108275328692964,0.0,0.0,0.0,0.0,0.0,0.0,0.0,0.0,0.0,0.0,0.0,0.0,0,0,0,0,0,0
730,360,4.854794520547945,6.8694444444444445,0.0,0.0,0.0,0.0,0.0,0.0,0.0,0.0,0.0,0.0,0.0,0.0,0.0,0.0,0.0,0.0,0.0,0.0,0.0,0.0,0.0,0.0,0.0,0.0,0.0,0.0,0.0,0.0,0.0,0.0,0.0,0.0,0.0,0.0,0.0,0.0,0.0,0.0,0.0,0.0,0.0,0.0,0.0,0.0,0.0,0.0,0.0,0.0,0.0,0.0,0.0,0.0,0.0,0.0,0.0,0.0,0.0,0.0,0.0,0.0,0.0,0.16027397260273973,0.0,0.0,0.0,0.02054794520547945,0.0013698630136986301,0.0013698630136986301,0.00410958904109589,0.0,0.0,0.0,0.0,0.0,0.0,0.03972602739726028,0.0,0.00410958904109589,0.0,0.0,0.03424657534246575,0.005479452054794521,0.0,0.0,0.0,0.0013698630136986301,0.0,0.0,0.0,0.00821917808219178,0.0,0.00684931506849315,0.0,0.0,0.0,0.0,0.0,0.0273972602739726,0.00821917808219178,0.0,0.0,0.0,0.0,0.0,0.0,0.0,0.0,0.0,0.0,0.0,0.0,0,0,0,0,0,0
1867,909,4.674879485806106,6.432343234323432,0.0,0.0,0.0,0.0,0.0,0.0,0.0,0.0,0.0,0.0,0.0,0.0,0.0,0.0,0.0,0.0,0.0,0.0,0.0,0.0,0.0,0.0,0.0,0.0,0.0,0.0,0.0,0.0,0.0,0.0,0.0,0.0,0.0,0.0,0.0,0.0,0.0,0.0,0.0,0.0,0.0,0.0,0.0,0.0,0.0,0.0,0.0,0.0,0.0,0.0,0.0,0.0,0.0,0.0,0.0,0.0,0.0,0.0,0.0,0.0,0.0,0.12747723620782003,0.0,0.0,0.0,0.009105516871987145,0.0005356186395286556,0.0,0.0010712372790573112,0.0,0.0,0.0,0.0,0.0,0.0,0.0433851098018211,0.0005356186395286556,0.009105516871987145,0.0010712372790573112,0.0,0.02196036422067488,0.0016068559185859668,0.0,0.0005356186395286556,0.0005356186395286556,0.0021424745581146223,0.0,0.0,0.0,0.011783610069630423,0.0,0.0096411355115158,0.0,0.0,0.0,0.0,0.0,0.01821103374397429,0.013926084627745045,0.0,0.0,0.0,0.0,0.0,0.0,0.0,0.0,0.0032137118371719335,0.0005356186395286556,0.0,0.0005356186395286556,0,0,0,0,0,0
1385,660,4.52202166064982,6.213636363636364,0.0,0.0,0.0,0.0,0.0,0.0,0.0,0.0,0.0,0.0,0.0,0.0,0.0,0.0,0.0,0.0,0.0,0.0,0.0,0.0,0.0,0.0,0.0,0.0,0.0,0.0,0.0,0.0,0.0,0.0,0.0,0.0,0.0,0.0,0.0,0.0,0.0,0.0,0.0,0.0,0.0,0.0,0.0,0.0,0.0,0.0,0.0,0.0,0.0,0.0,0.0,0.0,0.0,0.0,0.0,0.0,0.0,0.0,0.0,0.0,0.0,0.1111913357400722,0.0,0.0,0.0,0.009386281588447653,0.0021660649819494585,0.0,0.0021660649819494585,0.0,0.0,0.0,0.0,0.0,0.0,0.04909747292418772,0.0,0.007942238267148015,0.0007220216606498195,0.0,0.025992779783393503,0.0021660649819494585,0.0,0.0,0.0,0.0,0.0,0.0,0.0,0.0036101083032490976,0.0,0.010108303249097473,0.0,0.0,0.0,0.0,0.0,0.01588447653429603,0.010108303249097473,0.0,0.0,0.0,0.0,0.0,0.0,0.0,0.0,0.005776173285198556,0.0,0.0,0.0,0,0,0,0,0,0
597,338,4.735343383584589,6.263313609467455,0.0,0.0,0.0,0.0,0.0,0.0,0.0,0.0,0.0,0.0,0.0,0.0,0.0,0.0,0.0,0.0,0.0,0.0,0.0,0.0,0.0,0.0,0.0,0.0,0.0,0.0,0.0,0.0,0.0,0.0,0.0,0.0,0.0,0.0,0.0,0.0,0.0,0.0,0.0,0.0,0.0,0.0,0.0,0.0,0.0,0.0,0.0,0.0,0.0,0.0,0.0,0.0,0.0,0.0,0.0,0.0,0.0,0.0,0.0,0.0,0.0,0.10887772194304858,0.0,0.0,0.0,0.01340033500837521,0.0033500837520938024,0.0,0.005025125628140704,0.0016750418760469012,0.0,0.0,0.0,0.0,0.0,0.031825795644891124,0.0,0.0016750418760469012,0.0,0.0,0.020100502512562814,0.0033500837520938024,0.0,0.0,0.0,0.006700167504187605,0.0,0.0,0.0,0.0033500837520938024,0.0,0.008375209380234505,0.0,0.0,0.0,0.0,0.0,0.031825795644891124,0.01340033500837521,0.0,0.0,0.0,0.0,0.0,0.0,0.0,0.0,0.0,0.0,0.0,0.0,0,0,0,0,0,0
9622,4415,4.466742880897942,6.327066817667045,0.0,0.0,0.0,0.0,0.0,0.0,0.0,0.0,0.0,0.0,0.0,0.0,0.0,0.0,0.0,0.0,0.0,0.0,0.0,0.0,0.0,0.0,0.0,0.0,0.0,0.0,0.0,0.0,0.0,0.0,0.0,0.0,0.0,0.0,0.0,0.0,0.0,0.0,0.00010392849719393057,0.0,0.0,0.0,0.0006235709831635835,0.0,0.00020785699438786114,0.00020785699438786114,0.00010392849719393057,0.00010392849719393057,0.00010392849719393057,0.00031178549158179174,0.0,0.00031178549158179174,0.00010392849719393057,0.0004157139887757223,0.0,0.0,0.0,0.0,0.0,0.0,0.0,0.12627312409062566,0.0,0.0,0.0,0.014030347121180628,0.000727499480357514,0.0,0.0018707129494907504,0.000727499480357514,0.0,0.0,0.0,0.0,0.0,0.035751403034712116,0.0,0.001247141966327167,0.0,0.0,0.02868426522552484,0.0022864269382664726,0.0,0.0005196424859696529,0.0,0.0022864269382664726,0.0,0.0,0.0,0.003429640407399709,0.0,0.0033257119102057782,0.0,0.0,0.0,0.0,0.0,0.016732488048222822,0.013094990646435253,0.0,0.0,0.0,0.0,0.0,0.0,0.0,0.0,0.0005196424859696529,0.0,0.0,0.0,0,0,0,0,0,0
1150,582,4.798260869565217,6.666666666666667,0.0,0.0,0.0,0.0,0.0,0.0,0.0,0.0,0.0,0.0,0.0,0.0,0.0,0.0,0.0,0.0,0.0,0.0,0.0,0.0,0.0,0.0,0.0,0.0,0.0,0.0,0.0,0.0,0.0,0.0,0.0,0.0,0.0,0.0,0.0,0.0,0.0,0.0,0.0,0.0,0.0,0.0,0.0,0.0,0.0,0.0,0.0,0.0,0.0,0.0,0.0,0.0,0.0,0.0,0.0,0.0,0.0,0.0,0.0,0.0,0.0,0.09652173913043478,0.0,0.0,0.0,0.009565217391304347,0.0017391304347826088,0.0,0.0,0.0,0.0,0.0,0.0,0.0,0.0,0.04608695652173913,0.0,0.0052173913043478265,0.0,0.0,0.02434782608695652,0.0,0.0,0.0017391304347826088,0.0008695652173913044,0.0008695652173913044,0.0,0.0,0.0,0.006956521739130435,0.0,0.0034782608695652175,0.0,0.0,0.0,0.0,0.0,0.022608695652173914,0.01565217391304348,0.0,0.0,0.0,0.0,0.0,0.0,0.0,0.0,0.0,0.0,0.0,0.0,0,0,0,0,0,0
408,257,5.232843137254902,6.64591439688716,0.0,0.0,0.0,0.0,0.0,0.0,0.0,0.0,0.0,0.0,0.0,0.0,0.0,0.0,0.0,0.0,0.0,0.0,0.0,0.0,0.0,0.0,0.0,0.0,0.0,0.0,0.0,0.0,0.0,0.0,0.0,0.0,0.0,0.0,0.0,0.0,0.0,0.0,0.0,0.0,0.0,0.0,0.0,0.0,0.0,0.0,0.0,0.0,0.0,0.0,0.0,0.0,0.0,0.0,0.0,0.0,0.0,0.0,0.0,0.0,0.0,0.0857843137254902,0.0,0.0,0.0,0.004901960784313725,0.0,0.0,0.0,0.0,0.0,0.0,0.0,0.0,0.0,0.041666666666666664,0.0,0.007352941176470588,0.0,0.0,0.04411764705882353,0.0024509803921568627,0.0,0.0,0.0,0.004901960784313725,0.0,0.0,0.0,0.0024509803921568627,0.0,0.0,0.0,0.0,0.0,0.0,0.0,0.00980392156862745,0.012254901960784314,0.0,0.0,0.0,0.0,0.0,0.0,0.0,0.0,0.0,0.0,0.0,0.0,0,0,0,0,0,0
265,155,4.781132075471698,6.070967741935484,0.0,0.0,0.0,0.0,0.0,0.0,0.0,0.0,0.0,0.0,0.0,0.0,0.0,0.0,0.0,0.0,0.0,0.0,0.0,0.0,0.0,0.0,0.0,0.0,0.0,0.0,0.0,0.0,0.0,0.0,0.0,0.0,0.0,0.0,0.0,0.0,0.0,0.0,0.0,0.0,0.0,0.0,0.0,0.0,0.0,0.0,0.0,0.0,0.0,0.0,0.0,0.0,0.0,0.0,0.0,0.0,0.0,0.0,0.0,0.0,0.0,0.10943396226415095,0.0,0.0,0.0,0.011320754716981131,0.0037735849056603774,0.0,0.0,0.0,0.0,0.0,0.0,0.0,0.0,0.033962264150943396,0.0,0.0,0.0,0.0,0.03018867924528302,0.0,0.0,0.0037735849056603774,0.0037735849056603774,0.0,0.0,0.0,0.0,0.0037735849056603774,0.0,0.0,0.0,0.0,0.0,0.0,0.0,0.011320754716981131,0.03773584905660377,0.0,0.0,0.0,0.0,0.0,0.0,0.0,0.0,0.0,0.0,0.0,0.0,0,0,0,0,0,0
310,155,4.764516129032258,6.735483870967742,0.0,0.0,0.0,0.0,0.0,0.0,0.0,0.0,0.0,0.0,0.0,0.0,0.0,0.0,0.0,0.0,0.0,0.0,0.0,0.0,0.0,0.0,0.0,0.0,0.0,0.0,0.0,0.0,0.0,0.0,0.0,0.0,0.0,0.0,0.0,0.0,0.0,0.0,0.0,0.0,0.0,0.0,0.0,0.0,0.0,0.0,0.0,0.0,0.0,0.0,0.0,0.0,0.0,0.0,0.0,0.0,0.0,0.0,0.0,0.0,0.0,0.07741935483870968,0.0,0.0,0.0,0.0064516129032258064,0.0,0.0,0.0,0.0,0.0032258064516129032,0.0,0.0,0.0,0.0,0.041935483870967745,0.0,0.0032258064516129032,0.0,0.0,0.04516129032258064,0.0,0.0,0.0,0.0,0.0,0.0,0.0,0.0,0.0064516129032258064,0.0,0.0032258064516129032,0.0,0.0,0.0,0.0,0.0,0.01935483870967742,0.01935483870967742,0.0,0.0,0.0,0.0,0.0,0.0,0.0,0.0,0.0,0.0,0.0,0.0,0,0,0,0,0,0
397,211,5.005037783375315,6.909952606635071,0.0,0.0,0.0,0.0,0.0,0.0,0.0,0.0,0.0,0.0,0.0,0.0,0.0,0.0,0.0,0.0,0.0,0.0,0.0,0.0,0.0,0.0,0.0,0.0,0.0,0.0,0.0,0.0,0.0,0.0,0.0,0.0,0.0,0.0,0.0,0.0,0.0,0.0,0.0,0.0,0.0,0.0,0.0,0.0,0.0,0.0,0.0,0.0,0.0,0.005037783375314861,0.0,0.0,0.0,0.0,0.0,0.0,0.0,0.0,0.0,0.0,0.0,0.10327455919395466,0.0,0.0,0.0,0.0,0.0,0.0,0.0,0.0,0.0,0.0,0.0,0.0,0.0,0.06297229219143577,0.0,0.0,0.0,0.0,0.03526448362720403,0.010075566750629723,0.0,0.0,0.0,0.007556675062972292,0.0,0.0,0.0,0.005037783375314861,0.0,0.0025188916876574307,0.0,0.0,0.0,0.0,0.0,0.015113350125944584,0.015113350125944584,0.0,0.0,0.0,0.0,0.0,0.0,0.0,0.0,0.0,0.0,0.0,0.0,0,0,0,0,0,0
2141,1033,4.437178888369921,6.142303969022265,0.0,0.0,0.0,0.0,0.0,0.0,0.0,0.0,0.0,0.0,0.0,0.0,0.0,0.0,0.0,0.0,0.0,0.0,0.0,0.0,0.0,0.0,0.0,0.0,0.0,0.0,0.0,0.0,0.0,0.0,0.0,0.0,0.0,0.0,0.0,0.0,0.0,0.0,0.0,0.0,0.00046707146193367583,0.0,0.0,0.0,0.0,0.0,0.0,0.0,0.00046707146193367583,0.0,0.0,0.00046707146193367583,0.0,0.0,0.0,0.0,0.0,0.0,0.0,0.0,0.0,0.08921064922933208,0.0,0.0,0.0,0.01681457262961233,0.0009341429238673517,0.0,0.0018682858477347033,0.0,0.0,0.0,0.0,0.0,0.0,0.03596450256889304,0.00046707146193367583,0.0018682858477347033,0.0,0.0,0.03643157403082672,0.002335357309668379,0.0,0.0009341429238673517,0.00046707146193367583,0.0,0.0,0.0,0.0,0.0009341429238673517,0.0,0.003269500233535731,0.0,0.0,0.0,0.0,0.0,0.020551144325081736,0.02475478748248482,0.0,0.0,0.0,0.0,0.0,0.0,0.0,0.0,0.0,0.0,0.0,0.0,0,0,0,0,0,0
958,526,4.884133611691023,6.568441064638783,0.0,0.0,0.0,0.0,0.0,0.0,0.0,0.0,0.0,0.0,0.0,0.0,0.0,0.0,0.0,0.0,0.0,0.0,0.0,0.0,0.0,0.0,0.0,0.0,0.0,0.0,0.0,0.0,0.0,0.0,0.0,0.0,0.0,0.0,0.0,0.0,0.0,0.0,0.0,0.0,0.0,0.0,0.0,0.0,0.0,0.0,0.0,0.0,0.0010438413361169101,0.0,0.0,0.0,0.0,0.0,0.0,0.0,0.0,0.0,0.0,0.0,0.0,0.06680584551148225,0.0,0.0,0.0,0.016701461377870562,0.007306889352818371,0.0,0.0,0.0,0.0,0.0,0.0,0.0,0.0,0.05636743215031315,0.0,0.0010438413361169101,0.0,0.0,0.0407098121085595,0.0,0.0,0.0010438413361169101,0.0,0.0,0.0,0.0,0.0,0.003131524008350731,0.0,0.003131524008350731,0.0,0.0,0.0,0.0,0.0,0.021920668058455117,0.017745302713987474,0.0,0.0,0.0,0.0,0.0,0.0,0.0,0.0,0.008350730688935281,0.0010438413361169101,0.0010438413361169101,0.0,0,0,0,0,0,0
